s	r	d	f	mean	sd
0.01	0.0001	1	0.1	0	0
0.01	0.0001	1	0.15	0	0
0.01	0.0001	1	0.2	0	0
0.01	0.0001	1	0.25	0	0
0.01	0.0001	1	0.3	0	0
0.01	0.0001	1	0.35	0.4	0.8
0.01	0.0001	1	0.4	0	0
0.01	0.0001	1	0.45	0.4	0.489897948556636
0.01	0.0001	1	0.5	0.333333333333333	0.471404520791032
0.01	0.0001	1	0.55	1.4	1.35646599662505
0.01	0.0001	1	0.6	0	0
0.01	0.0001	1	0.65	0.6	0.489897948556636
0.01	0.0001	1	0.7	1.2	1.16619037896906
0.01	0.0001	1	0.75	1.2	0.748331477354788
0.01	0.0001	1	0.8	2.2	1.16619037896906
0.01	0.0001	1	0.85	1.4	1.01980390271856
0.01	0.0001	1	0.9	1.4	0.489897948556636
0.01	0.0001	1	0.95	1	0.632455532033676
0.01	0.0001	1	1	2	1.09544511501033
0.01	0.0001	1	1.05	2.6	1.49666295470958
0.01	0.0001	1	1.1	1.8	1.16619037896906
0.01	0.0001	1	1.15	2.2	1.46969384566991
0.01	0.0001	1	1.2	1.2	0.4
0.01	0.0001	1	1.25	2	1.26491106406735
0.01	0.0001	1	1.3	2.4	0.8
0.01	0.0001	1	1.35	2.6	1.49666295470958
0.01	0.0001	1	1.4	2.6	1.62480768092719
0.01	0.0001	1	1.45	2.8	1.16619037896906
0.01	0.0001	1	1.5	2	1.09544511501033
0.01	0.0001	2	0.1	0	0
0.01	0.0001	2	0.15	0	0
0.01	0.0001	2	0.2	0	0
0.01	0.0001	2	0.25	0	0
0.01	0.0001	2	0.3	0	0
0.01	0.0001	2	0.35	1.6	2.0591260281974
0.01	0.0001	2	0.4	4.4	3.00665927567458
0.01	0.0001	2	0.45	1.4	1.2
0.01	0.0001	2	0.5	3.2	0.979795897113271
0.01	0.0001	2	0.55	2.6	1.95959179422654
0.01	0.0001	2	0.6	2.4	0.489897948556636
0.01	0.0001	2	0.65	4.6	1.95959179422654
0.01	0.0001	2	0.7	3.4	0.8
0.01	0.0001	2	0.75	5.6	1.35646599662505
0.01	0.0001	2	0.8	5	1.26491106406735
0.01	0.0001	2	0.85	3.4	1.35646599662505
0.01	0.0001	2	0.9	3.2	1.6
0.01	0.0001	2	0.95	4	1.78885438199983
0.01	0.0001	2	1	4.8	1.46969384566991
0.01	0.0001	2	1.05	3.8	1.32664991614216
0.01	0.0001	2	1.1	6	2.60768096208106
0.01	0.0001	2	1.15	4.8	1.93907194296653
0.01	0.0001	2	1.2	4.2	1.6
0.01	0.0001	2	1.25	6	2.96647939483827
0.01	0.0001	2	1.3	4.2	1.32664991614216
0.01	0.0001	2	1.35	4	1.54919333848297
0.01	0.0001	2	1.4	5	1.4142135623731
0.01	0.0001	2	1.45	5	1.4142135623731
0.01	0.0001	2	1.5	4	0.894427190999916
0.01	0.0001	3	0.1	0	0
0.01	0.0001	3	0.15	0	0
0.01	0.0001	3	0.2	0	0
0.01	0.0001	3	0.25	0.8	1.6
0.01	0.0001	3	0.3	0.6	0.8
0.01	0.0001	3	0.35	3.6	2.0591260281974
0.01	0.0001	3	0.4	5.2	2.03960780543711
0.01	0.0001	3	0.45	4.6	2.65329983228432
0.01	0.0001	3	0.5	5	1.89736659610103
0.01	0.0001	3	0.55	5.6	1.01980390271856
0.01	0.0001	3	0.6	5.8	0.748331477354788
0.01	0.0001	3	0.65	5.2	2.03960780543711
0.01	0.0001	3	0.7	6.4	1.35646599662505
0.01	0.0001	3	0.75	7.4	2.57681974534503
0.01	0.0001	3	0.8	5.6	1.95959179422654
0.01	0.0001	3	0.85	5	1.4142135623731
0.01	0.0001	3	0.9	8.8	2.78567765543682
0.01	0.0001	3	0.95	6.2	2.03960780543711
0.01	0.0001	3	1	5.6	1.35646599662505
0.01	0.0001	3	1.05	6	1.26491106406735
0.01	0.0001	3	1.1	6.4	2.87054001888146
0.01	0.0001	3	1.15	3.8	1.16619037896906
0.01	0.0001	3	1.2	5	1.26491106406735
0.01	0.0001	3	1.25	5.8	1.72046505340853
0.01	0.0001	3	1.3	6.2	1.93907194296653
0.01	0.0001	3	1.35	6	2.44948974278318
0.01	0.0001	3	1.4	4.2	0.748331477354788
0.01	0.0001	3	1.45	4.4	1.85472369909914
0.01	0.0001	3	1.5	4.8	2.13541565040626
0.01	0.0001	4	0.1	0	0
0.01	0.0001	4	0.15	0	0
0.01	0.0001	4	0.2	0.2	0.4
0.01	0.0001	4	0.25	0.6	1.2
0.01	0.0001	4	0.3	2.6	3.38230690505755
0.01	0.0001	4	0.35	5.4	2.93938769133981
0.01	0.0001	4	0.4	7	1.78885438199983
0.01	0.0001	4	0.45	6.5	1.6583123951777
0.01	0.0001	4	0.5	7	0.894427190999916
0.01	0.0001	4	0.55	8.4	1.2
0.01	0.0001	4	0.6	9.2	3.48711915483254
0.01	0.0001	4	0.65	7.6	2.0591260281974
0.01	0.0001	4	0.7	7.4	1.35646599662505
0.01	0.0001	4	0.75	7.8	2.13541565040626
0.01	0.0001	4	0.8	7	2.60768096208106
0.01	0.0001	4	0.85	7	1.54919333848297
0.01	0.0001	4	0.9	10.2	2.03960780543711
0.01	0.0001	4	0.95	6.2	1.72046505340853
0.01	0.0001	4	1	7	0.632455532033676
0.01	0.0001	4	1.05	5.8	1.72046505340853
0.01	0.0001	4	1.1	5.4	1.49666295470958
0.01	0.0001	4	1.15	5.6	1.35646599662505
0.01	0.0001	4	1.2	5	1.26491106406735
0.01	0.0001	4	1.25	4.2	1.93907194296653
0.01	0.0001	4	1.3	5.8	1.16619037896906
0.01	0.0001	4	1.35	5	1.4142135623731
0.01	0.0001	4	1.4	5.6	1.01980390271856
0.01	0.0001	4	1.45	4	1.26491106406735
0.01	0.0001	4	1.5	4.2	1.16619037896906
0.01	0.0001	5	0.1	0	0
0.01	0.0001	5	0.15	0	0
0.01	0.0001	5	0.2	0	0
0.01	0.0001	5	0.25	5.2	3.86781592116274
0.01	0.0001	5	0.3	6.2	2.85657137141714
0.01	0.0001	5	0.35	8.2	1.93907194296653
0.01	0.0001	5	0.4	8.4	1.85472369909914
0.01	0.0001	5	0.45	11.6	3.00665927567458
0.01	0.0001	5	0.5	10	2.68328157299975
0.01	0.0001	5	0.55	8.6	1.49666295470958
0.01	0.0001	5	0.6	8.2	1.46969384566991
0.01	0.0001	5	0.65	8.6	1.85472369909914
0.01	0.0001	5	0.7	7.4	2.0591260281974
0.01	0.0001	5	0.75	9	2.28035085019828
0.01	0.0001	5	0.8	9	1.89736659610103
0.01	0.0001	5	0.85	6	1.54919333848297
0.01	0.0001	5	0.9	6.6	1.49666295470958
0.01	0.0001	5	0.95	5.8	1.32664991614216
0.01	0.0001	5	1	7.2	1.72046505340853
0.01	0.0001	5	1.05	6	1.54919333848297
0.01	0.0001	5	1.1	5.75	1.4790199457749
0.01	0.0001	5	1.15	4.2	1.72046505340853
0.01	0.0001	5	1.2	4.4	0.8
0.01	0.0001	5	1.25	5	1.26491106406735
0.01	0.0001	5	1.3	5.6	1.49666295470958
0.01	0.0001	5	1.35	4.6	1.01980390271856
0.01	0.0001	5	1.4	4.6	1.85472369909914
0.01	0.0001	5	1.45	4.6	1.74355957741627
0.01	0.0001	5	1.5	3.4	1.01980390271856
0.01	0.0001	6	0.1	0	0
0.01	0.0001	6	0.15	0	0
0.01	0.0001	6	0.2	1	2
0.01	0.0001	6	0.25	5.8	3.37045990927054
0.01	0.0001	6	0.3	10	1.4142135623731
0.01	0.0001	6	0.35	11.8	1.83303027798234
0.01	0.0001	6	0.4	12	1.67332005306815
0.01	0.0001	6	0.45	9.6	2.65329983228432
0.01	0.0001	6	0.5	9.8	0.748331477354788
0.01	0.0001	6	0.55	7.6	0.489897948556636
0.01	0.0001	6	0.6	9.6	2.0591260281974
0.01	0.0001	6	0.65	8.8	0.748331477354788
0.01	0.0001	6	0.7	7.4	1.62480768092719
0.01	0.0001	6	0.75	7.8	3.05941170815567
0.01	0.0001	6	0.8	7.6	1.49666295470958
0.01	0.0001	6	0.85	6.6	1.95959179422654
0.01	0.0001	6	0.9	5.8	0.4
0.01	0.0001	6	0.95	7.4	2.0591260281974
0.01	0.0001	6	1	4.6	1.01980390271856
0.01	0.0001	6	1.05	4.6	1.62480768092719
0.01	0.0001	6	1.1	4.4	1.01980390271856
0.01	0.0001	6	1.15	4.6	1.01980390271856
0.01	0.0001	6	1.2	3.6	0.489897948556636
0.01	0.0001	6	1.25	4.2	1.6
0.01	0.0001	6	1.3	4.8	0.979795897113271
0.01	0.0001	6	1.35	5	0.894427190999916
0.01	0.0001	6	1.4	5	1.4142135623731
0.01	0.0001	6	1.45	4.6	1.2
0.01	0.0001	6	1.5	4.6	2.24499443206436
0.01	0.0001	7	0.1	0	0
0.01	0.0001	7	0.15	0	0
0.01	0.0001	7	0.2	3.2	3.91918358845309
0.01	0.0001	7	0.25	7.8	4.2142615011411
0.01	0.0001	7	0.3	10.4	2.41660919471891
0.01	0.0001	7	0.35	12.4	1.62480768092719
0.01	0.0001	7	0.4	13.6	2.33238075793812
0.01	0.0001	7	0.45	11	1.78885438199983
0.01	0.0001	7	0.5	10	2
0.01	0.0001	7	0.55	8.6	2.24499443206436
0.01	0.0001	7	0.6	7	1.67332005306815
0.01	0.0001	7	0.65	8.8	1.16619037896906
0.01	0.0001	7	0.7	7	1.54919333848297
0.01	0.0001	7	0.75	5.8	1.32664991614216
0.01	0.0001	7	0.8	9	1.67332005306815
0.01	0.0001	7	0.85	6.2	0.748331477354788
0.01	0.0001	7	0.9	4.8	1.16619037896906
0.01	0.0001	7	0.95	5.4	1.49666295470958
0.01	0.0001	7	1	6.6	1.35646599662505
0.01	0.0001	7	1.05	4.8	0.979795897113271
0.01	0.0001	7	1.1	5	1.78885438199983
0.01	0.0001	7	1.15	4.2	1.16619037896906
0.01	0.0001	7	1.2	4.6	1.74355957741627
0.01	0.0001	7	1.25	4.6	1.35646599662505
0.01	0.0001	7	1.3	3.8	0.4
0.01	0.0001	7	1.35	4.4	1.35646599662505
0.01	0.0001	7	1.4	3.8	1.16619037896906
0.01	0.0001	7	1.45	4	1.4142135623731
0.01	0.0001	7	1.5	4	0.894427190999916
0.01	0.0001	8	0.1	0	0
0.01	0.0001	8	0.15	0	0
0.01	0.0001	8	0.2	7.6	5.31413210223457
0.01	0.0001	8	0.25	10	2.5298221281347
0.01	0.0001	8	0.3	13.4	1.85472369909914
0.01	0.0001	8	0.35	11.8	2.31516738055804
0.01	0.0001	8	0.4	11.8	2.13541565040626
0.01	0.0001	8	0.45	8.6	2.33238075793812
0.01	0.0001	8	0.5	9.6	2.0591260281974
0.01	0.0001	8	0.55	9.2	2.03960780543711
0.01	0.0001	8	0.6	8.6	1.35646599662505
0.01	0.0001	8	0.65	7.4	2.57681974534503
0.01	0.0001	8	0.7	8.2	1.93907194296653
0.01	0.0001	8	0.75	6	1.09544511501033
0.01	0.0001	8	0.8	7	0.894427190999916
0.01	0.0001	8	0.85	6.8	1.93907194296653
0.01	0.0001	8	0.9	6.6	2.41660919471891
0.01	0.0001	8	0.95	6.2	3.18747549010185
0.01	0.0001	8	1	4.4	1.01980390271856
0.01	0.0001	8	1.05	5	1.09544511501033
0.01	0.0001	8	1.1	4	1.4142135623731
0.01	0.0001	8	1.15	5.4	2.72763633939717
0.01	0.0001	8	1.2	3.4	0.8
0.01	0.0001	8	1.25	4.2	0.979795897113271
0.01	0.0001	8	1.3	4.2	1.46969384566991
0.01	0.0001	8	1.35	3.8	1.16619037896906
0.01	0.0001	8	1.4	3.8	0.748331477354788
0.01	0.0001	8	1.45	3.2	1.16619037896906
0.01	0.0001	8	1.5	4.4	1.35646599662505
0.01	0.0001	9	0.1	0	0
0.01	0.0001	9	0.15	1.2	1.6
0.01	0.0001	9	0.2	6.2	5.2687759489278
0.01	0.0001	9	0.25	15.4	1.49666295470958
0.01	0.0001	9	0.3	13.6	1.2
0.01	0.0001	9	0.35	11.8	2.13541565040626
0.01	0.0001	9	0.4	9.4	0.489897948556636
0.01	0.0001	9	0.45	8.4	1.85472369909914
0.01	0.0001	9	0.5	9.2	2.13541565040626
0.01	0.0001	9	0.55	7.4	2.33238075793812
0.01	0.0001	9	0.6	7.2	1.72046505340853
0.01	0.0001	9	0.65	8.4	1.95959179422654
0.01	0.0001	9	0.7	8.2	2.31516738055804
0.01	0.0001	9	0.75	7	1.4142135623731
0.01	0.0001	9	0.8	5.8	1.6
0.01	0.0001	9	0.85	5.8	2.13541565040626
0.01	0.0001	9	0.9	5.2	1.32664991614216
0.01	0.0001	9	0.95	6.8	1.6
0.01	0.0001	9	1	5	0.707106781186548
0.01	0.0001	9	1.05	4.8	1.46969384566991
0.01	0.0001	9	1.1	5	1.09544511501033
0.01	0.0001	9	1.15	4.4	0.489897948556636
0.01	0.0001	9	1.2	3.6	0.489897948556636
0.01	0.0001	9	1.25	3.4	0.489897948556636
0.01	0.0001	9	1.3	3.8	1.46969384566991
0.01	0.0001	9	1.35	4.2	1.16619037896906
0.01	0.0001	9	1.4	3.6	1.01980390271856
0.01	0.0001	9	1.45	3.8	0.748331477354788
0.01	0.0001	9	1.5	5.8	1.16619037896906
0.01	0.0001	10	0.1	0	0
0.01	0.0001	10	0.15	2.2	4.4
0.01	0.0001	10	0.2	14.2	2.31516738055804
0.01	0.0001	10	0.25	14.4	2.1540659228538
0.01	0.0001	10	0.3	12.8	2.71293199325011
0.01	0.0001	10	0.35	12.6	2.1540659228538
0.01	0.0001	10	0.4	10.8	0.748331477354788
0.01	0.0001	10	0.45	8.4	0.8
0.01	0.0001	10	0.5	9.4	2.24499443206436
0.01	0.0001	10	0.55	9.4	1.85472369909914
0.01	0.0001	10	0.6	9	0.632455532033676
0.01	0.0001	10	0.65	6.6	1.2
0.01	0.0001	10	0.7	7.2	0.748331477354788
0.01	0.0001	10	0.75	7	1.09544511501033
0.01	0.0001	10	0.8	7	0.894427190999916
0.01	0.0001	10	0.85	6	1.09544511501033
0.01	0.0001	10	0.9	6	0.894427190999916
0.01	0.0001	10	0.95	5.4	1.01980390271856
0.01	0.0001	10	1	4.6	1.2
0.01	0.0001	10	1.05	5.4	0.8
0.01	0.0001	10	1.1	5.4	1.2
0.01	0.0001	10	1.15	4.4	1.49666295470958
0.01	0.0001	10	1.2	3.75	1.4790199457749
0.01	0.0001	10	1.25	4	0.632455532033676
0.01	0.0001	10	1.3	4	0.632455532033676
0.01	0.0001	10	1.35	4.2	0.4
0.01	0.0001	10	1.4	4.2	0.979795897113271
0.01	0.0001	10	1.45	3.8	1.72046505340853
0.01	0.0001	10	1.5	3.6	0.8
0.01	0.001	1	0.1	0	0
0.01	0.001	1	0.15	0	0
0.01	0.001	1	0.2	0	0
0.01	0.001	1	0.25	0	0
0.01	0.001	1	0.3	0.2	0.4
0.01	0.001	1	0.35	1	0.894427190999916
0.01	0.001	1	0.4	1.2	0.4
0.01	0.001	1	0.45	1.75	1.29903810567666
0.01	0.001	1	0.5	na	na
0.01	0.001	1	0.55	na	na
0.01	0.001	1	0.6	na	na
0.01	0.001	1	0.65	3.8	3.18747549010185
0.01	0.001	1	0.7	7.4	4.75815090134813
0.01	0.001	1	0.75	7	4
0.01	0.001	1	0.8	7.2	4.16653333119993
0.01	0.001	1	0.85	6.2	1.93907194296653
0.01	0.001	1	0.9	6.6	3.55527776692624
0.01	0.001	1	0.95	10.6	3.61109401705356
0.01	0.001	1	1	7.8	1.93907194296653
0.01	0.001	1	1.05	8.6	4.54312667664022
0.01	0.001	1	1.1	5.8	4.66476151587624
0.01	0.001	1	1.15	8.4	1.95959179422654
0.01	0.001	1	1.2	4.6	3.26190128606002
0.01	0.001	1	1.25	9.8	7.78203058333749
0.01	0.001	1	1.3	3.6	1.85472369909914
0.01	0.001	1	1.35	13.6	3.2
0.01	0.001	1	1.4	7.8	4.4
0.01	0.001	1	1.45	10	6.48074069840786
0.01	0.001	1	1.5	12.8	5.30659966456864
0.01	0.001	2	0.1	0.2	0.4
0.01	0.001	2	0.15	0	0
0.01	0.001	2	0.2	0.6	1.2
0.01	0.001	2	0.25	2.8	0.748331477354788
0.01	0.001	2	0.3	4.4	1.2
0.01	0.001	2	0.35	12.2	5.19230199429887
0.01	0.001	2	0.4	11.2	3.05941170815567
0.01	0.001	2	0.45	8.2	4.2614551505325
0.01	0.001	2	0.5	10.2	5.91269819963779
0.01	0.001	2	0.55	11	2.28035085019828
0.01	0.001	2	0.6	13	3.286335345031
0.01	0.001	2	0.65	11.8	4.70744091837593
0.01	0.001	2	0.7	9	3.16227766016838
0.01	0.001	2	0.75	13.2	5.07543101617981
0.01	0.001	2	0.8	11.6	4.40908153700972
0.01	0.001	2	0.85	17	5.05964425626941
0.01	0.001	2	0.9	13.2	6.01331855134916
0.01	0.001	2	0.95	13.2	4.16653333119993
0.01	0.001	2	1	15.6	3.26190128606002
0.01	0.001	2	1.05	11	3.3466401061363
0.01	0.001	2	1.1	13.8	4.2614551505325
0.01	0.001	2	1.15	12	3.3466401061363
0.01	0.001	2	1.2	8.8	3.31058907144937
0.01	0.001	2	1.25	13.2	4.2614551505325
0.01	0.001	2	1.3	13.4	4.4988887516808
0.01	0.001	2	1.35	9.2	3.96988664825584
0.01	0.001	2	1.4	17.6	3.97994974842648
0.01	0.001	2	1.45	10.6	7.39188744503053
0.01	0.001	2	1.5	12.2	2.03960780543711
0.01	0.001	3	0.1	0	0
0.01	0.001	3	0.15	0.4	0.489897948556636
0.01	0.001	3	0.2	8.25	3.34477204006491
0.01	0.001	3	0.25	8.8	3.24961536185438
0.01	0.001	3	0.3	9.6	5.35163526410386
0.01	0.001	3	0.35	8.2	2.63818119165458
0.01	0.001	3	0.4	11.6	5.00399840127872
0.01	0.001	3	0.45	12.4	3.9293765408777
0.01	0.001	3	0.5	19	8.36660026534076
0.01	0.001	3	0.55	16	4.09878030638384
0.01	0.001	3	0.6	20.8	6.8818602136341
0.01	0.001	3	0.65	14	4.60434577328853
0.01	0.001	3	0.7	14.2	6.30555310817378
0.01	0.001	3	0.75	15.6	4.71593044902064
0.01	0.001	3	0.8	14.6	3.66606055596467
0.01	0.001	3	0.85	11.8	3.96988664825584
0.01	0.001	3	0.9	15.8	5.03587132480567
0.01	0.001	3	0.95	11.4	2.87054001888146
0.01	0.001	3	1	9	3.03315017762062
0.01	0.001	3	1.05	13	5.44058820349418
0.01	0.001	3	1.1	10.6	4.07921561087423
0.01	0.001	3	1.15	12.4	4.40908153700972
0.01	0.001	3	1.2	10.4	4.17612260356422
0.01	0.001	3	1.25	13	5.29150262212918
0.01	0.001	3	1.3	9.6	3.87814388593306
0.01	0.001	3	1.35	11.2	5.03587132480567
0.01	0.001	3	1.4	13.2	1.16619037896906
0.01	0.001	3	1.45	12	5.09901951359278
0.01	0.001	3	1.5	8.2	2.71293199325011
0.01	0.001	4	0.1	0	0
0.01	0.001	4	0.15	3.6	5.8172158288996
0.01	0.001	4	0.2	11	4.6475800154489
0.01	0.001	4	0.25	10.2	3.76297754444536
0.01	0.001	4	0.3	13.8	3.65513337649941
0.01	0.001	4	0.35	16.2	5.34415568635495
0.01	0.001	4	0.4	18.4	4.75815090134813
0.01	0.001	4	0.45	17	3.03315017762062
0.01	0.001	4	0.5	22	3.03315017762062
0.01	0.001	4	0.55	18.6	5.88557558782486
0.01	0.001	4	0.6	20.2	7.44043009509531
0.01	0.001	4	0.65	14	6.19677335393187
0.01	0.001	4	0.7	17	5.93295878967653
0.01	0.001	4	0.75	15.6	4.31740662898458
0.01	0.001	4	0.8	13.6	2.41660919471891
0.01	0.001	4	0.85	11.4	3.2
0.01	0.001	4	0.9	11.6	4.07921561087423
0.01	0.001	4	0.95	12.4	3.26190128606002
0.01	0.001	4	1	10.4	2.93938769133981
0.01	0.001	4	1.05	9.4	4.96386945839634
0.01	0.001	4	1.1	9	3.16227766016838
0.01	0.001	4	1.15	7.6	1.62480768092719
0.01	0.001	4	1.2	5.6	1.62480768092719
0.01	0.001	4	1.25	10.2	2.56124969497314
0.01	0.001	4	1.3	14.2	5.03587132480567
0.01	0.001	4	1.35	7.6	1.85472369909914
0.01	0.001	4	1.4	5.6	1.01980390271856
0.01	0.001	4	1.45	8.4	3.66606055596467
0.01	0.001	4	1.5	8.8	4.2614551505325
0.01	0.001	5	0.1	0.8	1.6
0.01	0.001	5	0.15	9	3.16227766016838
0.01	0.001	5	0.2	13.4	5.78273291792038
0.01	0.001	5	0.25	12.8	1.93907194296653
0.01	0.001	5	0.3	16	6.81175454637056
0.01	0.001	5	0.35	21	7.74596669241483
0.01	0.001	5	0.4	22.2	4.01995024844836
0.01	0.001	5	0.45	18.2	5.6
0.01	0.001	5	0.5	22.5	2.17944947177034
0.01	0.001	5	0.55	17	5.51361950083609
0.01	0.001	5	0.6	19	5.47722557505166
0.01	0.001	5	0.65	18.4	1.95959179422654
0.01	0.001	5	0.7	14.2	5.30659966456864
0.01	0.001	5	0.75	18.6	4.71593044902064
0.01	0.001	5	0.8	11.8	2.71293199325011
0.01	0.001	5	0.85	10	2.60768096208106
0.01	0.001	5	0.9	12	3.74165738677394
0.01	0.001	5	0.95	12.2	3.12409987036266
0.01	0.001	5	1	12.2	3.54400902933387
0.01	0.001	5	1.05	12.2	5.67097875150313
0.01	0.001	5	1.1	9.2	2.71293199325011
0.01	0.001	5	1.15	9.2	2.31516738055804
0.01	0.001	5	1.2	12.8	5.03587132480567
0.01	0.001	5	1.25	7.6	3.26190128606002
0.01	0.001	5	1.3	7.8	2.4
0.01	0.001	5	1.35	6	2.60768096208106
0.01	0.001	5	1.4	6.4	1.49666295470958
0.01	0.001	5	1.45	6.4	1.85472369909914
0.01	0.001	5	1.5	6.2	2.22710574513201
0.01	0.001	6	0.1	2.25	3.34477204006491
0.01	0.001	6	0.15	13.8	5.23067873224881
0.01	0.001	6	0.2	17	7.23878442834154
0.01	0.001	6	0.25	18.2	4.83321838943783
0.01	0.001	6	0.3	19.8	2.63818119165458
0.01	0.001	6	0.35	25.6	1.49666295470958
0.01	0.001	6	0.4	19.8	3.24961536185438
0.01	0.001	6	0.45	20.2	3.86781592116274
0.01	0.001	6	0.5	20.2	4.2614551505325
0.01	0.001	6	0.55	19.8	2.31516738055805
0.01	0.001	6	0.6	15.2	2.56124969497314
0.01	0.001	6	0.65	12.6	1.62480768092719
0.01	0.001	6	0.7	14.2	2.92574776766556
0.01	0.001	6	0.75	11.2	2.71293199325011
0.01	0.001	6	0.8	14.4	4.27083130081252
0.01	0.001	6	0.85	11.4	3.72021504754765
0.01	0.001	6	0.9	9.6	3.49857113690718
0.01	0.001	6	0.95	10.8	3.31058907144937
0.01	0.001	6	1	8	1.67332005306815
0.01	0.001	6	1.05	9.6	2.1540659228538
0.01	0.001	6	1.1	9.8	4.16653333119993
0.01	0.001	6	1.15	7.8	6.24179461373089
0.01	0.001	6	1.2	6.6	1.49666295470958
0.01	0.001	6	1.25	6.2	1.93907194296653
0.01	0.001	6	1.3	5.6	2.1540659228538
0.01	0.001	6	1.35	6.4	1.49666295470958
0.01	0.001	6	1.4	5.6	1.49666295470958
0.01	0.001	6	1.45	6	2
0.01	0.001	6	1.5	5.6	2.0591260281974
0.01	0.001	7	0.1	7	4.04969134626332
0.01	0.001	7	0.15	15.8	4.95580467734555
0.01	0.001	7	0.2	16.6	7.78716893357271
0.01	0.001	7	0.25	19.4	3.61109401705356
0.01	0.001	7	0.3	24.6	5.16139516022558
0.01	0.001	7	0.35	18.6	5.85149553533112
0.01	0.001	7	0.4	18.8	2.71293199325011
0.01	0.001	7	0.45	19.8	3.86781592116274
0.01	0.001	7	0.5	15	4.56070170039655
0.01	0.001	7	0.55	17.4	3.13687742827162
0.01	0.001	7	0.6	16.2	1.83303027798234
0.01	0.001	7	0.65	13.2	3.37045990927054
0.01	0.001	7	0.7	10.8	2.48193472919817
0.01	0.001	7	0.75	10	0.894427190999916
0.01	0.001	7	0.8	10.8	2.56124969497314
0.01	0.001	7	0.85	8.8	1.46969384566991
0.01	0.001	7	0.9	8.6	2.57681974534503
0.01	0.001	7	0.95	9.6	3.38230690505755
0.01	0.001	7	1	8.4	2.41660919471891
0.01	0.001	7	1.05	6.4	2.49799919935936
0.01	0.001	7	1.1	7.4	1.95959179422654
0.01	0.001	7	1.15	6.8	1.83303027798234
0.01	0.001	7	1.2	6.6	2.41660919471891
0.01	0.001	7	1.25	7.2	3.18747549010185
0.01	0.001	7	1.3	6.4	2.0591260281974
0.01	0.001	7	1.35	5.4	1.01980390271856
0.01	0.001	7	1.4	7.2	2.56124969497314
0.01	0.001	7	1.45	6	2.19089023002066
0.01	0.001	7	1.5	7.4	1.85472369909914
0.01	0.001	8	0.1	10.4	2.41660919471891
0.01	0.001	8	0.15	20.4	4.22374241638857
0.01	0.001	8	0.2	18.6	4.07921561087423
0.01	0.001	8	0.25	26.8	2.03960780543711
0.01	0.001	8	0.3	23.8	1.46969384566991
0.01	0.001	8	0.35	24.8	2.03960780543711
0.01	0.001	8	0.4	24.4	2.57681974534502
0.01	0.001	8	0.45	14.4	1.35646599662505
0.01	0.001	8	0.5	19.8	5.41848687365763
0.01	0.001	8	0.55	14.75	2.48746859276655
0.01	0.001	8	0.6	17.4	2.65329983228432
0.01	0.001	8	0.65	15.4	1.74355957741627
0.01	0.001	8	0.7	11.2	3.76297754444536
0.01	0.001	8	0.75	9.2	1.72046505340853
0.01	0.001	8	0.8	10.2	1.72046505340853
0.01	0.001	8	0.85	7.8	2.63818119165458
0.01	0.001	8	0.9	9	2.5298221281347
0.01	0.001	8	0.95	7	0.707106781186548
0.01	0.001	8	1	7.6	3.2
0.01	0.001	8	1.05	7.2	1.93907194296653
0.01	0.001	8	1.1	6.4	1.85472369909914
0.01	0.001	8	1.15	8.4	3.77359245282264
0.01	0.001	8	1.2	6.8	2.92574776766556
0.01	0.001	8	1.25	5.8	2.63818119165458
0.01	0.001	8	1.3	5.8	2.71293199325011
0.01	0.001	8	1.35	6.2	1.32664991614216
0.01	0.001	8	1.4	6	4.33589667773576
0.01	0.001	8	1.45	5.8	1.46969384566991
0.01	0.001	8	1.5	6	0.894427190999916
0.01	0.001	9	0.1	14	4.77493455452533
0.01	0.001	9	0.15	19	3.57770876399966
0.01	0.001	9	0.2	22.6	3.2
0.01	0.001	9	0.25	26.8	3.31058907144937
0.01	0.001	9	0.3	23.4	3.72021504754765
0.01	0.001	9	0.35	22	3.63318042491699
0.01	0.001	9	0.4	19.6	3.61109401705356
0.01	0.001	9	0.45	15.2	3.05941170815567
0.01	0.001	9	0.5	16	2.28035085019828
0.01	0.001	9	0.55	15.4	2.41660919471891
0.01	0.001	9	0.6	13	1.54919333848297
0.01	0.001	9	0.65	12.8	2.4
0.01	0.001	9	0.7	10.6	2.0591260281974
0.01	0.001	9	0.75	9.4	2.1540659228538
0.01	0.001	9	0.8	9.6	2.33238075793812
0.01	0.001	9	0.85	11.8	2.92574776766556
0.01	0.001	9	0.9	9.2	3.91918358845309
0.01	0.001	9	0.95	7	2.82842712474619
0.01	0.001	9	1	10.6	2.65329983228432
0.01	0.001	9	1.05	9.6	2.33238075793812
0.01	0.001	9	1.1	5.2	2.13541565040626
0.01	0.001	9	1.15	7.6	3.72021504754765
0.01	0.001	9	1.2	7	2.44948974278318
0.01	0.001	9	1.25	5.8	2.4
0.01	0.001	9	1.3	6.8	1.46969384566991
0.01	0.001	9	1.35	5.4	1.35646599662505
0.01	0.001	9	1.4	5.2	1.6
0.01	0.001	9	1.45	5.8	2.4
0.01	0.001	9	1.5	5.8	2.22710574513201
0.01	0.001	10	0.1	11.4	2.8
0.01	0.001	10	0.15	22.2	6.01331855134916
0.01	0.001	10	0.2	25.2	4.06939798987516
0.01	0.001	10	0.25	26.2	1.32664991614216
0.01	0.001	10	0.3	22.2	1.46969384566991
0.01	0.001	10	0.35	20.4	3.26190128606002
0.01	0.001	10	0.4	15.4	1.35646599662505
0.01	0.001	10	0.45	16.4	2.1540659228538
0.01	0.001	10	0.5	13.4	2.0591260281974
0.01	0.001	10	0.55	13.4	2.49799919935936
0.01	0.001	10	0.6	12.2	1.93907194296653
0.01	0.001	10	0.65	13.2	2.03960780543711
0.01	0.001	10	0.7	11.8	2.13541565040626
0.01	0.001	10	0.75	9	2.0976176963403
0.01	0.001	10	0.8	8.4	2.0591260281974
0.01	0.001	10	0.85	9	2.0976176963403
0.01	0.001	10	0.9	9.2	2.71293199325011
0.01	0.001	10	0.95	7.2	2.13541565040626
0.01	0.001	10	1	6.4	2.0591260281974
0.01	0.001	10	1.05	6.8	2.22710574513201
0.01	0.001	10	1.1	4.8	0.748331477354788
0.01	0.001	10	1.15	5.2	1.6
0.01	0.001	10	1.2	5.6	2.57681974534503
0.01	0.001	10	1.25	6	2
0.01	0.001	10	1.3	6.2	4.06939798987516
0.01	0.001	10	1.35	4.4	0.8
0.01	0.001	10	1.4	6	2.19089023002066
0.01	0.001	10	1.45	5.4	1.85472369909914
0.01	0.001	10	1.5	4.6	1.35646599662505
0.01	0.01	1	0.1	50	0
0.01	0.01	1	0.15	50	0
0.01	0.01	1	0.2	50	0
0.01	0.01	1	0.25	50	0
0.01	0.01	1	0.3	50	0
0.01	0.01	1	0.35	na	na
0.01	0.01	1	0.4	na	na
0.01	0.01	1	0.45	na	na
0.01	0.01	1	0.5	na	na
0.01	0.01	1	0.55	na	na
0.01	0.01	1	0.6	na	na
0.01	0.01	1	0.65	na	na
0.01	0.01	1	0.7	na	na
0.01	0.01	1	0.75	na	na
0.01	0.01	1	0.8	na	na
0.01	0.01	1	0.85	na	na
0.01	0.01	1	0.9	na	na
0.01	0.01	1	0.95	na	na
0.01	0.01	1	1	na	na
0.01	0.01	1	1.05	na	na
0.01	0.01	1	1.1	na	na
0.01	0.01	1	1.15	na	na
0.01	0.01	1	1.2	na	na
0.01	0.01	1	1.25	na	na
0.01	0.01	1	1.3	na	na
0.01	0.01	1	1.35	na	na
0.01	0.01	1	1.4	na	na
0.01	0.01	1	1.45	na	na
0.01	0.01	1	1.5	na	na
0.01	0.01	2	0.1	50	0
0.01	0.01	2	0.15	50	0
0.01	0.01	2	0.2	na	na
0.01	0.01	2	0.25	na	na
0.01	0.01	2	0.3	na	na
0.01	0.01	2	0.35	na	na
0.01	0.01	2	0.4	na	na
0.01	0.01	2	0.45	na	na
0.01	0.01	2	0.5	na	na
0.01	0.01	2	0.55	na	na
0.01	0.01	2	0.6	na	na
0.01	0.01	2	0.65	na	na
0.01	0.01	2	0.7	na	na
0.01	0.01	2	0.75	na	na
0.01	0.01	2	0.8	na	na
0.01	0.01	2	0.85	na	na
0.01	0.01	2	0.9	na	na
0.01	0.01	2	0.95	na	na
0.01	0.01	2	1	na	na
0.01	0.01	2	1.05	17.4	9.3936148526539
0.01	0.01	2	1.1	23	7.96868872525461
0.01	0.01	2	1.15	28.4	8.26075057122535
0.01	0.01	2	1.2	12.6	5.23832034148352
0.01	0.01	2	1.25	23.8	9.15204895091804
0.01	0.01	2	1.3	16.6	9.97196068985433
0.01	0.01	2	1.35	19.2	7.6524505878836
0.01	0.01	2	1.4	11.8	4.35430821141545
0.01	0.01	2	1.45	18	6.35609943282828
0.01	0.01	2	1.5	14.5	7.22841614740048
0.01	0.01	3	0.1	na	na
0.01	0.01	3	0.15	na	na
0.01	0.01	3	0.2	na	na
0.01	0.01	3	0.25	na	na
0.01	0.01	3	0.3	na	na
0.01	0.01	3	0.35	na	na
0.01	0.01	3	0.4	na	na
0.01	0.01	3	0.45	na	na
0.01	0.01	3	0.5	na	na
0.01	0.01	3	0.55	na	na
0.01	0.01	3	0.6	na	na
0.01	0.01	3	0.65	na	na
0.01	0.01	3	0.7	18.4	9.43610088966836
0.01	0.01	3	0.75	25.4	10.36532681588
0.01	0.01	3	0.8	34.8	9.47417542586161
0.01	0.01	3	0.85	28	6.75277720645365
0.01	0.01	3	0.9	16	5.47722557505166
0.01	0.01	3	0.95	20.6	6.74091981854109
0.01	0.01	3	1	21.6	5.67802782663136
0.01	0.01	3	1.05	12.4	7.39188744503053
0.01	0.01	3	1.1	17.4	10.3846039885977
0.01	0.01	3	1.15	22.8	10.1271911209377
0.01	0.01	3	1.2	21.8	5.63560112144215
0.01	0.01	3	1.25	10.6	4.71593044902064
0.01	0.01	3	1.3	15.8	8.03492377064027
0.01	0.01	3	1.35	17	3.40587727318528
0.01	0.01	3	1.4	19	5.54977477020464
0.01	0.01	3	1.45	16.8	9.26066952223218
0.01	0.01	3	1.5	19	5.47722557505166
0.01	0.01	4	0.1	na	na
0.01	0.01	4	0.15	na	na
0.01	0.01	4	0.2	na	na
0.01	0.01	4	0.25	na	na
0.01	0.01	4	0.3	na	na
0.01	0.01	4	0.35	na	na
0.01	0.01	4	0.4	na	na
0.01	0.01	4	0.45	na	na
0.01	0.01	4	0.5	na	na
0.01	0.01	4	0.55	26	6.44980619863884
0.01	0.01	4	0.6	27.2	3.24961536185438
0.01	0.01	4	0.65	22.8	5.15363949069005
0.01	0.01	4	0.7	25.2	9.26066952223218
0.01	0.01	4	0.75	15.8	3.05941170815567
0.01	0.01	4	0.8	17.8	5.6
0.01	0.01	4	0.85	19.4	6.01996677731696
0.01	0.01	4	0.9	24	9.81835016690686
0.01	0.01	4	0.95	16.2	6.36867333123626
0.01	0.01	4	1	19	4.24264068711928
0.01	0.01	4	1.05	18.4	5.71314274283428
0.01	0.01	4	1.1	23.6	6.37495098020369
0.01	0.01	4	1.15	14.8	5.63560112144215
0.01	0.01	4	1.2	14.4	4.4988887516808
0.01	0.01	4	1.25	16.6	4.92341345003647
0.01	0.01	4	1.3	13	6.32455532033676
0.01	0.01	4	1.35	17.8	7.05407683541936
0.01	0.01	4	1.4	17.2	9.53729521405309
0.01	0.01	4	1.45	14.4	3.49857113690718
0.01	0.01	4	1.5	13.4	7.05974503788912
0.01	0.01	5	0.1	na	na
0.01	0.01	5	0.15	na	na
0.01	0.01	5	0.2	na	na
0.01	0.01	5	0.25	na	na
0.01	0.01	5	0.3	na	na
0.01	0.01	5	0.35	na	na
0.01	0.01	5	0.4	na	na
0.01	0.01	5	0.45	31.4	8.16333265278342
0.01	0.01	5	0.5	30.8	3.86781592116274
0.01	0.01	5	0.55	24	3.09838667696593
0.01	0.01	5	0.6	25.8	6.96850055607374
0.01	0.01	5	0.65	22.8	7.52063827078527
0.01	0.01	5	0.7	20.6	5.16139516022558
0.01	0.01	5	0.75	22.4	5.74804314527997
0.01	0.01	5	0.8	23.8	6.4621977685614
0.01	0.01	5	0.85	20	7.64198926981712
0.01	0.01	5	0.9	22.2	4.35430821141545
0.01	0.01	5	0.95	16.6	3.87814388593306
0.01	0.01	5	1	15.4	6.11882341631134
0.01	0.01	5	1.05	16.6	6.62117814289874
0.01	0.01	5	1.1	14.4	4.07921561087423
0.01	0.01	5	1.15	9.6	2.8
0.01	0.01	5	1.2	12.6	4.31740662898458
0.01	0.01	5	1.25	13.4	3.87814388593306
0.01	0.01	5	1.3	16.5	10.356157588604
0.01	0.01	5	1.35	8.4	3.2
0.01	0.01	5	1.4	9.4	4.12795348811006
0.01	0.01	5	1.45	10	2.68328157299975
0.01	0.01	5	1.5	11.6	6.46838465151849
0.01	0.01	6	0.1	na	na
0.01	0.01	6	0.15	na	na
0.01	0.01	6	0.2	na	na
0.01	0.01	6	0.25	na	na
0.01	0.01	6	0.3	na	na
0.01	0.01	6	0.35	34.5	4.92442890089805
0.01	0.01	6	0.4	32.8	4.95580467734555
0.01	0.01	6	0.45	27.2	6.24179461373089
0.01	0.01	6	0.5	28.4	7.49933330370107
0.01	0.01	6	0.55	28.4	5.0438080851674
0.01	0.01	6	0.6	25.2	4.48998886412873
0.01	0.01	6	0.65	24.4	5.00399840127872
0.01	0.01	6	0.7	22	6.09918027279076
0.01	0.01	6	0.75	20	3.84707681233427
0.01	0.01	6	0.8	19.2	2.92574776766556
0.01	0.01	6	0.85	17.2	2.31516738055804
0.01	0.01	6	0.9	19.25	8.25757228245687
0.01	0.01	6	0.95	14.2	2.71293199325011
0.01	0.01	6	1	13.6	2.0591260281974
0.01	0.01	6	1.05	12.8	5.77581163127746
0.01	0.01	6	1.1	14.6	5.71314274283428
0.01	0.01	6	1.15	13.6	5.35163526410386
0.01	0.01	6	1.2	10	2.28035085019828
0.01	0.01	6	1.25	11.4	4.4988887516808
0.01	0.01	6	1.3	8.4	3.13687742827162
0.01	0.01	6	1.35	8.2	4.1182520563948
0.01	0.01	6	1.4	10.2	3.05941170815567
0.01	0.01	6	1.45	9.2	3.37045990927054
0.01	0.01	6	1.5	7	2.73861278752583
0.01	0.01	7	0.1	na	na
0.01	0.01	7	0.15	na	na
0.01	0.01	7	0.2	na	na
0.01	0.01	7	0.25	na	na
0.01	0.01	7	0.3	40	3.89871773792359
0.01	0.01	7	0.35	33.4	1.01980390271856
0.01	0.01	7	0.4	34.8	4.70744091837593
0.01	0.01	7	0.45	28.2	5.45527267879434
0.01	0.01	7	0.5	25.4	4.12795348811006
0.01	0.01	7	0.55	26	4.14728827066554
0.01	0.01	7	0.6	18	3.79473319220206
0.01	0.01	7	0.65	22.6	5.35163526410386
0.01	0.01	7	0.7	21	2.28035085019828
0.01	0.01	7	0.75	13.4	1.62480768092719
0.01	0.01	7	0.8	17.4	4.31740662898458
0.01	0.01	7	0.85	13	2.28035085019828
0.01	0.01	7	0.9	11.8	3.65513337649941
0.01	0.01	7	0.95	12.8	0.979795897113271
0.01	0.01	7	1	10.8	1.16619037896906
0.01	0.01	7	1.05	13.2	2.71293199325011
0.01	0.01	7	1.1	8.4	3.00665927567458
0.01	0.01	7	1.15	8.4	2.57681974534503
0.01	0.01	7	1.2	10.6	2.65329983228432
0.01	0.01	7	1.25	10.6	2.72763633939717
0.01	0.01	7	1.3	9.4	1.85472369909914
0.01	0.01	7	1.35	10.2	2.31516738055804
0.01	0.01	7	1.4	8.75	2.9474565306379
0.01	0.01	7	1.45	11.2	7.1386273190299
0.01	0.01	7	1.5	10.4	3.9293765408777
0.01	0.01	8	0.1	na	na
0.01	0.01	8	0.15	na	na
0.01	0.01	8	0.2	na	na
0.01	0.01	8	0.25	na	na
0.01	0.01	8	0.3	36.2	4.35430821141545
0.01	0.01	8	0.35	29.8	2.92574776766556
0.01	0.01	8	0.4	30.6	3.2
0.01	0.01	8	0.45	27	4.89897948556636
0.01	0.01	8	0.5	22.2	7.11055553385247
0.01	0.01	8	0.55	22.2	6.11228271597445
0.01	0.01	8	0.6	15.6	3.44093010681705
0.01	0.01	8	0.65	15.8	2.71293199325011
0.01	0.01	8	0.7	12.4	4.12795348811006
0.01	0.01	8	0.75	15.2	7.46726188103779
0.01	0.01	8	0.8	17	6
0.01	0.01	8	0.85	16	3.08220700148449
0.01	0.01	8	0.9	11.6	2.0591260281974
0.01	0.01	8	0.95	12.8	1.6
0.01	0.01	8	1	12.4	4.84148737476408
0.01	0.01	8	1.05	11.2	2.92574776766556
0.01	0.01	8	1.1	11.2	2.31516738055804
0.01	0.01	8	1.15	8	2.82842712474619
0.01	0.01	8	1.2	8.4	1.95959179422654
0.01	0.01	8	1.25	8	1.58113883008419
0.01	0.01	8	1.3	9.5	2.69258240356725
0.01	0.01	8	1.35	6	0.632455532033676
0.01	0.01	8	1.4	6.4	2.41660919471891
0.01	0.01	8	1.45	9.8	2.92574776766556
0.01	0.01	8	1.5	5.6	1.62480768092719
0.01	0.01	9	0.1	na	na
0.01	0.01	9	0.15	na	na
0.01	0.01	9	0.2	na	na
0.01	0.01	9	0.25	34.8	3.31058907144937
0.01	0.01	9	0.3	31.6	3.72021504754765
0.01	0.01	9	0.35	28.4	4.96386945839634
0.01	0.01	9	0.4	27.6	6.8
0.01	0.01	9	0.45	28.4	6.97423830966508
0.01	0.01	9	0.5	20.8	2.92574776766556
0.01	0.01	9	0.55	20	3.03315017762062
0.01	0.01	9	0.6	17.8	2.99332590941915
0.01	0.01	9	0.65	14.6	0.489897948556636
0.01	0.01	9	0.7	14.2	3.18747549010185
0.01	0.01	9	0.75	10	3.03315017762062
0.01	0.01	9	0.8	13	3.22490309931942
0.01	0.01	9	0.85	12.6	4.84148737476408
0.01	0.01	9	0.9	12.4	3.38230690505755
0.01	0.01	9	0.95	13.6	5.67802782663136
0.01	0.01	9	1	11.6	1.85472369909914
0.01	0.01	9	1.05	10	0.707106781186548
0.01	0.01	9	1.1	8.8	3.65513337649941
0.01	0.01	9	1.15	11	5.13809303146605
0.01	0.01	9	1.2	10.6	3.00665927567458
0.01	0.01	9	1.25	5.6	1.01980390271856
0.01	0.01	9	1.3	6	3.3466401061363
0.01	0.01	9	1.35	6.4	1.62480768092719
0.01	0.01	9	1.4	7	2.91547594742265
0.01	0.01	9	1.45	7.4	3.97994974842648
0.01	0.01	9	1.5	9.8	4.95580467734555
0.01	0.01	10	0.1	na	na
0.01	0.01	10	0.15	na	na
0.01	0.01	10	0.2	na	na
0.01	0.01	10	0.25	37.8	3.18747549010185
0.01	0.01	10	0.3	31.8	7.19444229944198
0.01	0.01	10	0.35	28.2	2.78567765543682
0.01	0.01	10	0.4	24.8	7.02566722810012
0.01	0.01	10	0.45	28.75	6.37867541108654
0.01	0.01	10	0.5	18.8	6.11228271597445
0.01	0.01	10	0.55	12.8	3.76297754444536
0.01	0.01	10	0.6	19.2	5.15363949069005
0.01	0.01	10	0.65	17.6	3.97994974842648
0.01	0.01	10	0.7	14.2	3.18747549010185
0.01	0.01	10	0.75	11.2	1.6
0.01	0.01	10	0.8	14	4.69041575982343
0.01	0.01	10	0.85	9.6	2.87054001888146
0.01	0.01	10	0.9	10.8	3.86781592116274
0.01	0.01	10	0.95	8.2	1.72046505340853
0.01	0.01	10	1	9.8	2.71293199325011
0.01	0.01	10	1.05	6.6	3.44093010681705
0.01	0.01	10	1.1	8	1.73205080756888
0.01	0.01	10	1.15	9.2	3.42928563989645
0.01	0.01	10	1.2	6.4	2.87054001888146
0.01	0.01	10	1.25	9	4.77493455452533
0.01	0.01	10	1.3	9	2.28035085019828
0.01	0.01	10	1.35	6.8	1.72046505340853
0.01	0.01	10	1.4	6.8	2.71293199325011
0.01	0.01	10	1.45	10	6.78232998312527
0.01	0.01	10	1.5	6.6	2.41660919471891
0.1	0.0001	1	0.1	0	0
0.1	0.0001	1	0.15	0	0
0.1	0.0001	1	0.2	0	0
0.1	0.0001	1	0.25	0.2	0.4
0.1	0.0001	1	0.3	0.2	0.4
0.1	0.0001	1	0.35	0.2	0.4
0.1	0.0001	1	0.4	0	0
0.1	0.0001	1	0.45	0.4	0.489897948556636
0.1	0.0001	1	0.5	0.6	0.489897948556636
0.1	0.0001	1	0.55	1	0.707106781186548
0.1	0.0001	1	0.6	1	0
0.1	0.0001	1	0.65	1.4	0.8
0.1	0.0001	1	0.7	1	0
0.1	0.0001	1	0.75	1.2	0.4
0.1	0.0001	1	0.8	1	0
0.1	0.0001	1	0.85	1.2	0.4
0.1	0.0001	1	0.9	1.2	0.4
0.1	0.0001	1	0.95	1	0
0.1	0.0001	1	1	1	0
0.1	0.0001	1	1.05	1.2	0.4
0.1	0.0001	1	1.1	1	0
0.1	0.0001	1	1.15	1.4	0.489897948556636
0.1	0.0001	1	1.2	1.2	0.4
0.1	0.0001	1	1.25	1	0
0.1	0.0001	1	1.3	1.4	0.489897948556636
0.1	0.0001	1	1.35	1.2	0.4
0.1	0.0001	1	1.4	1	0
0.1	0.0001	1	1.45	1.2	0.4
0.1	0.0001	1	1.5	1.4	0.8
0.1	0.0001	2	0.1	0	0
0.1	0.0001	2	0.15	0	0
0.1	0.0001	2	0.2	0	0
0.1	0.0001	2	0.25	0	0
0.1	0.0001	2	0.3	0	0
0.1	0.0001	2	0.35	0.6	0.8
0.1	0.0001	2	0.4	0.4	0.489897948556636
0.1	0.0001	2	0.45	1.2	0.4
0.1	0.0001	2	0.5	0.6	0.489897948556636
0.1	0.0001	2	0.55	1.6	0.489897948556636
0.1	0.0001	2	0.6	1.6	0.489897948556636
0.1	0.0001	2	0.65	2.2	0.979795897113271
0.1	0.0001	2	0.7	2.4	0.489897948556636
0.1	0.0001	2	0.75	2.8	0.748331477354788
0.1	0.0001	2	0.8	2.2	0.4
0.1	0.0001	2	0.85	2.8	0.4
0.1	0.0001	2	0.9	2.8	0.748331477354788
0.1	0.0001	2	0.95	2.4	0.489897948556636
0.1	0.0001	2	1	2.4	0.489897948556636
0.1	0.0001	2	1.05	2.8	0.979795897113271
0.1	0.0001	2	1.1	2.6	0.489897948556636
0.1	0.0001	2	1.15	2.4	0.8
0.1	0.0001	2	1.2	2.6	0.489897948556636
0.1	0.0001	2	1.25	2.2	0.4
0.1	0.0001	2	1.3	2.2	0.4
0.1	0.0001	2	1.35	2.8	0.748331477354788
0.1	0.0001	2	1.4	2	0
0.1	0.0001	2	1.45	2.8	0.4
0.1	0.0001	2	1.5	2.8	0.748331477354788
0.1	0.0001	3	0.1	0	0
0.1	0.0001	3	0.15	0	0
0.1	0.0001	3	0.2	0	0
0.1	0.0001	3	0.25	0	0
0.1	0.0001	3	0.3	0.4	0.489897948556636
0.1	0.0001	3	0.35	1	0.632455532033676
0.1	0.0001	3	0.4	1.6	0.489897948556636
0.1	0.0001	3	0.45	2.2	0.979795897113271
0.1	0.0001	3	0.5	2	1.09544511501033
0.1	0.0001	3	0.55	4	0.894427190999916
0.1	0.0001	3	0.6	3.2	0.979795897113271
0.1	0.0001	3	0.65	3.6	0.489897948556636
0.1	0.0001	3	0.7	3.6	0.8
0.1	0.0001	3	0.75	3.6	0.489897948556636
0.1	0.0001	3	0.8	3.6	0.8
0.1	0.0001	3	0.85	3.4	0.8
0.1	0.0001	3	0.9	3.6	0.8
0.1	0.0001	3	0.95	3.4	0.489897948556636
0.1	0.0001	3	1	3.4	0.489897948556636
0.1	0.0001	3	1.05	3.6	0.8
0.1	0.0001	3	1.1	3.4	0.489897948556636
0.1	0.0001	3	1.15	3.2	0.4
0.1	0.0001	3	1.2	3.8	0.4
0.1	0.0001	3	1.25	3.6	0.489897948556636
0.1	0.0001	3	1.3	4	0.632455532033676
0.1	0.0001	3	1.35	3.8	1.16619037896906
0.1	0.0001	3	1.4	3.2	0.748331477354788
0.1	0.0001	3	1.45	2.8	0.748331477354788
0.1	0.0001	3	1.5	2.6	0.8
0.1	0.0001	4	0.1	0	0
0.1	0.0001	4	0.15	0	0
0.1	0.0001	4	0.2	0.2	0.4
0.1	0.0001	4	0.25	0.2	0.4
0.1	0.0001	4	0.3	0.4	0.8
0.1	0.0001	4	0.35	1.6	1.01980390271856
0.1	0.0001	4	0.4	2.6	0.8
0.1	0.0001	4	0.45	2.8	1.46969384566991
0.1	0.0001	4	0.5	3.6	1.49666295470958
0.1	0.0001	4	0.55	5.6	1.01980390271856
0.1	0.0001	4	0.6	5	1.54919333848297
0.1	0.0001	4	0.65	5.2	1.16619037896906
0.1	0.0001	4	0.7	4.6	0.8
0.1	0.0001	4	0.75	4.4	0.8
0.1	0.0001	4	0.8	4.8	0.748331477354788
0.1	0.0001	4	0.85	4.4	1.49666295470958
0.1	0.0001	4	0.9	4.6	0.8
0.1	0.0001	4	0.95	4.4	0.489897948556636
0.1	0.0001	4	1	4.2	0.4
0.1	0.0001	4	1.05	3.8	0.748331477354788
0.1	0.0001	4	1.1	3.8	0.4
0.1	0.0001	4	1.15	3.6	0.8
0.1	0.0001	4	1.2	4	1.09544511501033
0.1	0.0001	4	1.25	3.2	0.4
0.1	0.0001	4	1.3	3.8	0.748331477354788
0.1	0.0001	4	1.35	3.6	0.489897948556636
0.1	0.0001	4	1.4	2.8	0.4
0.1	0.0001	4	1.45	4	0.894427190999916
0.1	0.0001	4	1.5	3	0.632455532033676
0.1	0.0001	5	0.1	0	0
0.1	0.0001	5	0.15	0	0
0.1	0.0001	5	0.2	0	0
0.1	0.0001	5	0.25	0.8	0.748331477354788
0.1	0.0001	5	0.3	1.8	0.979795897113271
0.1	0.0001	5	0.35	2.2	1.16619037896906
0.1	0.0001	5	0.4	3.6	0.489897948556636
0.1	0.0001	5	0.45	6	0.894427190999916
0.1	0.0001	5	0.5	5.8	0.748331477354788
0.1	0.0001	5	0.55	6	1.54919333848297
0.1	0.0001	5	0.6	5	0.632455532033676
0.1	0.0001	5	0.65	5.4	1.01980390271856
0.1	0.0001	5	0.7	5.6	0.8
0.1	0.0001	5	0.75	4.6	0.8
0.1	0.0001	5	0.8	4.8	0.748331477354788
0.1	0.0001	5	0.85	5.6	0.8
0.1	0.0001	5	0.9	4.8	1.16619037896906
0.1	0.0001	5	0.95	4.4	1.01980390271856
0.1	0.0001	5	1	4.2	0.4
0.1	0.0001	5	1.05	4	0
0.1	0.0001	5	1.1	4.6	1.01980390271856
0.1	0.0001	5	1.15	2.8	0.4
0.1	0.0001	5	1.2	3.4	0.8
0.1	0.0001	5	1.25	3.2	0.4
0.1	0.0001	5	1.3	2.8	0.4
0.1	0.0001	5	1.35	4	1.26491106406735
0.1	0.0001	5	1.4	3.2	0.4
0.1	0.0001	5	1.45	3	0.894427190999916
0.1	0.0001	5	1.5	2.8	0.748331477354788
0.1	0.0001	6	0.1	0	0
0.1	0.0001	6	0.15	0	0
0.1	0.0001	6	0.2	0.6	1.2
0.1	0.0001	6	0.25	2	1.09544511501033
0.1	0.0001	6	0.3	1.4	1.01980390271856
0.1	0.0001	6	0.35	3.8	1.93907194296653
0.1	0.0001	6	0.4	7.8	1.32664991614216
0.1	0.0001	6	0.45	6.6	0.489897948556636
0.1	0.0001	6	0.5	6.2	1.16619037896906
0.1	0.0001	6	0.55	5.6	0.489897948556636
0.1	0.0001	6	0.6	5.6	0.489897948556636
0.1	0.0001	6	0.65	4.6	0.489897948556636
0.1	0.0001	6	0.7	5.4	1.01980390271856
0.1	0.0001	6	0.75	6	1.4142135623731
0.1	0.0001	6	0.8	5.8	0.979795897113271
0.1	0.0001	6	0.85	5.2	0.979795897113271
0.1	0.0001	6	0.9	4.2	0.4
0.1	0.0001	6	0.95	4.6	1.2
0.1	0.0001	6	1	4.2	0.4
0.1	0.0001	6	1.05	4	0.632455532033676
0.1	0.0001	6	1.1	4.2	0.748331477354788
0.1	0.0001	6	1.15	3	0
0.1	0.0001	6	1.2	3.4	0.489897948556636
0.1	0.0001	6	1.25	3	0.632455532033676
0.1	0.0001	6	1.3	3.4	0.8
0.1	0.0001	6	1.35	3.2	0.748331477354788
0.1	0.0001	6	1.4	3.2	0.4
0.1	0.0001	6	1.45	3	0.632455532033676
0.1	0.0001	6	1.5	3	0.632455532033676
0.1	0.0001	7	0.1	0	0
0.1	0.0001	7	0.15	0	0
0.1	0.0001	7	0.2	0	0
0.1	0.0001	7	0.25	1.2	1.6
0.1	0.0001	7	0.3	2	1.78885438199983
0.1	0.0001	7	0.35	8	1.09544511501033
0.1	0.0001	7	0.4	6.6	0.489897948556636
0.1	0.0001	7	0.45	6.4	0.8
0.1	0.0001	7	0.5	6.6	1.35646599662505
0.1	0.0001	7	0.55	6.2	1.46969384566991
0.1	0.0001	7	0.6	6.4	0.8
0.1	0.0001	7	0.65	6.2	0.748331477354788
0.1	0.0001	7	0.7	5.8	0.4
0.1	0.0001	7	0.75	5.4	1.01980390271856
0.1	0.0001	7	0.8	4.6	0.8
0.1	0.0001	7	0.85	4.2	0.748331477354788
0.1	0.0001	7	0.9	3.2	0.4
0.1	0.0001	7	0.95	4	1.26491106406735
0.1	0.0001	7	1	4.2	0.748331477354788
0.1	0.0001	7	1.05	4.6	0.489897948556636
0.1	0.0001	7	1.1	4	1.09544511501033
0.1	0.0001	7	1.15	3.6	0.8
0.1	0.0001	7	1.2	3	0.632455532033676
0.1	0.0001	7	1.25	3.4	0.8
0.1	0.0001	7	1.3	3	0
0.1	0.0001	7	1.35	3.2	0.4
0.1	0.0001	7	1.4	3	0.632455532033676
0.1	0.0001	7	1.45	3.6	0.8
0.1	0.0001	7	1.5	3.2	0.748331477354788
0.1	0.0001	8	0.1	0	0
0.1	0.0001	8	0.15	0	0
0.1	0.0001	8	0.2	0.2	0.4
0.1	0.0001	8	0.25	1	0.894427190999916
0.1	0.0001	8	0.3	5.8	2.03960780543711
0.1	0.0001	8	0.35	8.6	0.8
0.1	0.0001	8	0.4	7	0.632455532033676
0.1	0.0001	8	0.45	7.2	0.748331477354788
0.1	0.0001	8	0.5	6	0.632455532033676
0.1	0.0001	8	0.55	7	2.36643191323985
0.1	0.0001	8	0.6	5.8	0.4
0.1	0.0001	8	0.65	6	1.26491106406735
0.1	0.0001	8	0.7	5.4	0.8
0.1	0.0001	8	0.75	4.8	0.748331477354788
0.1	0.0001	8	0.8	4.4	0.489897948556636
0.1	0.0001	8	0.85	5	0.894427190999916
0.1	0.0001	8	0.9	4.4	0.8
0.1	0.0001	8	0.95	3.8	0.4
0.1	0.0001	8	1	4	0
0.1	0.0001	8	1.05	4.4	1.01980390271856
0.1	0.0001	8	1.1	3.8	0.4
0.1	0.0001	8	1.15	3.2	0.4
0.1	0.0001	8	1.2	3.4	0.489897948556636
0.1	0.0001	8	1.25	3.4	0.8
0.1	0.0001	8	1.3	3.4	0.489897948556636
0.1	0.0001	8	1.35	3.4	0.489897948556636
0.1	0.0001	8	1.4	3.2	0.4
0.1	0.0001	8	1.45	3.2	0.4
0.1	0.0001	8	1.5	3.2	0.4
0.1	0.0001	9	0.1	0	0
0.1	0.0001	9	0.15	0	0
0.1	0.0001	9	0.2	0	0
0.1	0.0001	9	0.25	1.4	1.49666295470958
0.1	0.0001	9	0.3	4.4	2.87054001888146
0.1	0.0001	9	0.35	8	1.09544511501033
0.1	0.0001	9	0.4	7.2	0.748331477354788
0.1	0.0001	9	0.45	6.6	0.8
0.1	0.0001	9	0.5	6.4	0.489897948556636
0.1	0.0001	9	0.55	6.8	1.46969384566991
0.1	0.0001	9	0.6	6.6	1.2
0.1	0.0001	9	0.65	6.6	0.8
0.1	0.0001	9	0.7	4.6	0.489897948556636
0.1	0.0001	9	0.75	5	0.632455532033676
0.1	0.0001	9	0.8	4.2	0.748331477354788
0.1	0.0001	9	0.85	5	0.632455532033676
0.1	0.0001	9	0.9	4	0.894427190999916
0.1	0.0001	9	0.95	4.2	0.4
0.1	0.0001	9	1	4.4	0.8
0.1	0.0001	9	1.05	4	0
0.1	0.0001	9	1.1	4.6	0.489897948556636
0.1	0.0001	9	1.15	3.8	0.748331477354788
0.1	0.0001	9	1.2	3.2	0.4
0.1	0.0001	9	1.25	3.2	0.4
0.1	0.0001	9	1.3	3.6	0.8
0.1	0.0001	9	1.35	3.2	0.979795897113271
0.1	0.0001	9	1.4	2.8	0.4
0.1	0.0001	9	1.45	3	0.632455532033676
0.1	0.0001	9	1.5	3.2	0.4
0.1	0.0001	10	0.1	0	0
0.1	0.0001	10	0.15	0.4	0.8
0.1	0.0001	10	0.2	0.4	0.489897948556636
0.1	0.0001	10	0.25	1.6	1.85472369909914
0.1	0.0001	10	0.3	6	4.14728827066554
0.1	0.0001	10	0.35	7.2	1.6
0.1	0.0001	10	0.4	6.8	0.748331477354788
0.1	0.0001	10	0.45	6.4	0.489897948556636
0.1	0.0001	10	0.5	7	0.632455532033676
0.1	0.0001	10	0.55	7.2	1.46969384566991
0.1	0.0001	10	0.6	6.2	1.72046505340853
0.1	0.0001	10	0.65	6.4	0.489897948556636
0.1	0.0001	10	0.7	4.8	0.748331477354788
0.1	0.0001	10	0.75	4.8	0.748331477354788
0.1	0.0001	10	0.8	5.2	0.979795897113271
0.1	0.0001	10	0.85	5	0.632455532033676
0.1	0.0001	10	0.9	4.4	0.489897948556636
0.1	0.0001	10	0.95	4.4	0.489897948556636
0.1	0.0001	10	1	3.8	0.979795897113271
0.1	0.0001	10	1.05	4.2	0.979795897113271
0.1	0.0001	10	1.1	3.6	0.489897948556636
0.1	0.0001	10	1.15	3.2	0.4
0.1	0.0001	10	1.2	3.2	0.4
0.1	0.0001	10	1.25	3	0.632455532033676
0.1	0.0001	10	1.3	3.8	0.748331477354788
0.1	0.0001	10	1.35	2.8	0.748331477354788
0.1	0.0001	10	1.4	3.8	0.748331477354788
0.1	0.0001	10	1.45	3.2	0.748331477354788
0.1	0.0001	10	1.5	3.4	0.489897948556636
0.1	0.001	1	0.1	0	0
0.1	0.001	1	0.15	0	0
0.1	0.001	1	0.2	0	0
0.1	0.001	1	0.25	0	0
0.1	0.001	1	0.3	0.4	0.8
0.1	0.001	1	0.35	0.6	0.489897948556636
0.1	0.001	1	0.4	1.5	0.5
0.1	0.001	1	0.45	1.2	0.4
0.1	0.001	1	0.5	1	0
0.1	0.001	1	0.55	1	0
0.1	0.001	1	0.6	1.6	1.2
0.1	0.001	1	0.65	1.4	0.489897948556636
0.1	0.001	1	0.7	1.2	0.4
0.1	0.001	1	0.75	2.2	1.46969384566991
0.1	0.001	1	0.8	1.4	0.489897948556636
0.1	0.001	1	0.85	1.6	1.2
0.1	0.001	1	0.9	1.25	0.433012701892219
0.1	0.001	1	0.95	2.8	1.46969384566991
0.1	0.001	1	1	1.8	1.16619037896906
0.1	0.001	1	1.05	1.6	0.489897948556636
0.1	0.001	1	1.1	2	0.894427190999916
0.1	0.001	1	1.15	1.6	0.489897948556636
0.1	0.001	1	1.2	1.2	0.4
0.1	0.001	1	1.25	1.8	0.748331477354788
0.1	0.001	1	1.3	2.5	0.5
0.1	0.001	1	1.35	2.6	1.2
0.1	0.001	1	1.4	2.6	1.85472369909914
0.1	0.001	1	1.45	2.5	1.11803398874989
0.1	0.001	1	1.5	3.4	1.35646599662505
0.1	0.001	2	0.1	0	0
0.1	0.001	2	0.15	0	0
0.1	0.001	2	0.2	0.6	0.8
0.1	0.001	2	0.25	1.25	1.29903810567666
0.1	0.001	2	0.3	1.4	1.01980390271856
0.1	0.001	2	0.35	1.6	0.489897948556636
0.1	0.001	2	0.4	3.2	1.6
0.1	0.001	2	0.45	2	0
0.1	0.001	2	0.5	3.2	1.16619037896906
0.1	0.001	2	0.55	3.2	0.748331477354788
0.1	0.001	2	0.6	4.6	1.35646599662505
0.1	0.001	2	0.65	4.4	2.41660919471891
0.1	0.001	2	0.7	4.4	2.33238075793812
0.1	0.001	2	0.75	5.4	1.62480768092719
0.1	0.001	2	0.8	4.4	1.01980390271856
0.1	0.001	2	0.85	4.5	1.6583123951777
0.1	0.001	2	0.9	4.4	0.8
0.1	0.001	2	0.95	4.6	1.74355957741627
0.1	0.001	2	1	4	1.67332005306815
0.1	0.001	2	1.05	7.6	3.13687742827162
0.1	0.001	2	1.1	3.2	1.16619037896906
0.1	0.001	2	1.15	5.6	2.33238075793812
0.1	0.001	2	1.2	5.4	1.01980390271856
0.1	0.001	2	1.25	6	3.03315017762062
0.1	0.001	2	1.3	5.8	2.71293199325011
0.1	0.001	2	1.35	5	1.09544511501033
0.1	0.001	2	1.4	3.8	1.46969384566991
0.1	0.001	2	1.45	5	1.26491106406735
0.1	0.001	2	1.5	4	1.54919333848297
0.1	0.001	3	0.1	0	0
0.1	0.001	3	0.15	0.2	0.4
0.1	0.001	3	0.2	0.2	0.4
0.1	0.001	3	0.25	3.2	2.63818119165458
0.1	0.001	3	0.3	3.8	2.31516738055805
0.1	0.001	3	0.35	4	1.09544511501033
0.1	0.001	3	0.4	4.6	1.2
0.1	0.001	3	0.45	4.8	1.16619037896906
0.1	0.001	3	0.5	5.4	1.35646599662505
0.1	0.001	3	0.55	3.8	0.748331477354788
0.1	0.001	3	0.6	5.2	2.03960780543711
0.1	0.001	3	0.65	6.6	2.41660919471891
0.1	0.001	3	0.7	6.8	2.31516738055804
0.1	0.001	3	0.75	8	2.0976176963403
0.1	0.001	3	0.8	6.4	0.489897948556636
0.1	0.001	3	0.85	6	1.09544511501033
0.1	0.001	3	0.9	6.8	2.03960780543711
0.1	0.001	3	0.95	7.8	1.6
0.1	0.001	3	1	6.6	0.489897948556636
0.1	0.001	3	1.05	5.6	1.85472369909914
0.1	0.001	3	1.1	5.8	1.93907194296653
0.1	0.001	3	1.15	5.2	1.16619037896906
0.1	0.001	3	1.2	5.4	1.49666295470958
0.1	0.001	3	1.25	6.4	1.01980390271856
0.1	0.001	3	1.3	6.2	1.72046505340853
0.1	0.001	3	1.35	6.4	1.62480768092719
0.1	0.001	3	1.4	5.6	1.35646599662505
0.1	0.001	3	1.45	6.4	3.44093010681705
0.1	0.001	3	1.5	5.8	1.16619037896906
0.1	0.001	4	0.1	0	0
0.1	0.001	4	0.15	1.2	1.6
0.1	0.001	4	0.2	2.6	1.85472369909914
0.1	0.001	4	0.25	3.4	1.35646599662505
0.1	0.001	4	0.3	5	1.67332005306815
0.1	0.001	4	0.35	6.6	2.33238075793812
0.1	0.001	4	0.4	5.4	1.01980390271856
0.1	0.001	4	0.45	6.4	1.74355957741627
0.1	0.001	4	0.5	8.4	1.35646599662505
0.1	0.001	4	0.55	10	2.0976176963403
0.1	0.001	4	0.6	9.2	1.93907194296653
0.1	0.001	4	0.65	9	2
0.1	0.001	4	0.7	8.4	1.85472369909914
0.1	0.001	4	0.75	7.4	1.85472369909914
0.1	0.001	4	0.8	7.8	2.92574776766556
0.1	0.001	4	0.85	5.4	0.489897948556636
0.1	0.001	4	0.9	7.6	1.2
0.1	0.001	4	0.95	10	3.03315017762062
0.1	0.001	4	1	7.2	1.93907194296653
0.1	0.001	4	1.05	6.8	0.979795897113271
0.1	0.001	4	1.1	8	1.4142135623731
0.1	0.001	4	1.15	6.6	1.49666295470958
0.1	0.001	4	1.2	6.6	1.62480768092719
0.1	0.001	4	1.25	7.6	1.01980390271856
0.1	0.001	4	1.3	4.2	0.748331477354788
0.1	0.001	4	1.35	5	0.632455532033676
0.1	0.001	4	1.4	5.2	1.93907194296653
0.1	0.001	4	1.45	5.4	1.49666295470958
0.1	0.001	4	1.5	5.6	2.0591260281974
0.1	0.001	5	0.1	0	0
0.1	0.001	5	0.15	1.4	1.95959179422654
0.1	0.001	5	0.2	3.8	2.56124969497314
0.1	0.001	5	0.25	5	2.44948974278318
0.1	0.001	5	0.3	5.4	1.01980390271856
0.1	0.001	5	0.35	6.8	1.72046505340853
0.1	0.001	5	0.4	8.8	2.13541565040626
0.1	0.001	5	0.45	11.8	0.979795897113271
0.1	0.001	5	0.5	9.4	2.24499443206436
0.1	0.001	5	0.55	9.6	1.01980390271856
0.1	0.001	5	0.6	8.6	1.35646599662505
0.1	0.001	5	0.65	9.4	2.0591260281974
0.1	0.001	5	0.7	9.4	1.35646599662505
0.1	0.001	5	0.75	8	1.4142135623731
0.1	0.001	5	0.8	7.8	1.16619037896906
0.1	0.001	5	0.85	8.2	2.48193472919817
0.1	0.001	5	0.9	6.4	1.49666295470958
0.1	0.001	5	0.95	5.8	0.748331477354788
0.1	0.001	5	1	6.6	2.41660919471891
0.1	0.001	5	1.05	6.8	0.979795897113271
0.1	0.001	5	1.1	6.2	0.748331477354788
0.1	0.001	5	1.15	6.8	3.18747549010185
0.1	0.001	5	1.2	5.8	1.6
0.1	0.001	5	1.25	6	2
0.1	0.001	5	1.3	6	1.09544511501033
0.1	0.001	5	1.35	4.6	0.489897948556636
0.1	0.001	5	1.4	4.4	0.489897948556636
0.1	0.001	5	1.45	4.6	1.01980390271856
0.1	0.001	5	1.5	6.6	1.35646599662505
0.1	0.001	6	0.1	0	0
0.1	0.001	6	0.15	1	1
0.1	0.001	6	0.2	4.6	3.26190128606002
0.1	0.001	6	0.25	8	4.28952211790544
0.1	0.001	6	0.3	8.6	2.24499443206436
0.1	0.001	6	0.35	12.8	1.46969384566991
0.1	0.001	6	0.4	10.4	1.85472369909914
0.1	0.001	6	0.45	13.6	0.8
0.1	0.001	6	0.5	10.6	1.62480768092719
0.1	0.001	6	0.55	10	2.0976176963403
0.1	0.001	6	0.6	10	2.5298221281347
0.1	0.001	6	0.65	10.6	3.13687742827162
0.1	0.001	6	0.7	9.4	1.62480768092719
0.1	0.001	6	0.75	8.8	1.16619037896906
0.1	0.001	6	0.8	8.6	1.85472369909914
0.1	0.001	6	0.85	6.6	2.24499443206436
0.1	0.001	6	0.9	5.4	0.8
0.1	0.001	6	0.95	6.8	1.93907194296653
0.1	0.001	6	1	6.6	2.57681974534503
0.1	0.001	6	1.05	5.6	0.8
0.1	0.001	6	1.1	5.4	2.24499443206436
0.1	0.001	6	1.15	6.8	1.72046505340853
0.1	0.001	6	1.2	5.6	0.8
0.1	0.001	6	1.25	6.2	1.46969384566991
0.1	0.001	6	1.3	4.2	1.72046505340853
0.1	0.001	6	1.35	5.2	2.56124969497314
0.1	0.001	6	1.4	5	1.4142135623731
0.1	0.001	6	1.45	4.2	0.748331477354788
0.1	0.001	6	1.5	5.2	1.6
0.1	0.001	7	0.1	0	0
0.1	0.001	7	0.15	3.2	1.46969384566991
0.1	0.001	7	0.2	9.6	4.27083130081252
0.1	0.001	7	0.25	8.2	2.22710574513201
0.1	0.001	7	0.3	13.4	2.57681974534503
0.1	0.001	7	0.35	12.6	2.57681974534503
0.1	0.001	7	0.4	13.2	3.42928563989645
0.1	0.001	7	0.45	10.8	1.6
0.1	0.001	7	0.5	10.25	0.82915619758885
0.1	0.001	7	0.55	11.4	1.01980390271856
0.1	0.001	7	0.6	11.2	1.93907194296653
0.1	0.001	7	0.65	8.6	1.2
0.1	0.001	7	0.7	9	1.54919333848297
0.1	0.001	7	0.75	8.2	1.83303027798234
0.1	0.001	7	0.8	8.4	1.85472369909914
0.1	0.001	7	0.85	7	2.0976176963403
0.1	0.001	7	0.9	8.2	2.63818119165458
0.1	0.001	7	0.95	5	0.632455532033676
0.1	0.001	7	1	7.2	2.13541565040626
0.1	0.001	7	1.05	5.6	0.8
0.1	0.001	7	1.1	7.4	1.95959179422654
0.1	0.001	7	1.15	5	0.632455532033676
0.1	0.001	7	1.2	5	1.26491106406735
0.1	0.001	7	1.25	3.2	0.4
0.1	0.001	7	1.3	4.2	0.979795897113271
0.1	0.001	7	1.35	4	1.26491106406735
0.1	0.001	7	1.4	5.2	1.72046505340853
0.1	0.001	7	1.45	4.6	1.49666295470958
0.1	0.001	7	1.5	4.2	0.979795897113271
0.1	0.001	8	0.1	0.8	1.16619037896906
0.1	0.001	8	0.15	1.8	2.22710574513201
0.1	0.001	8	0.2	6.6	1.74355957741627
0.1	0.001	8	0.25	11.4	2.33238075793812
0.1	0.001	8	0.3	16	3.63318042491699
0.1	0.001	8	0.35	13.6	2.41660919471891
0.1	0.001	8	0.4	13.6	1.49666295470958
0.1	0.001	8	0.45	11	1.09544511501033
0.1	0.001	8	0.5	10.4	0.8
0.1	0.001	8	0.55	11	3.22490309931942
0.1	0.001	8	0.6	8.8	0.979795897113271
0.1	0.001	8	0.65	8.2	1.6
0.1	0.001	8	0.7	9.2	0.979795897113271
0.1	0.001	8	0.75	7	0.894427190999916
0.1	0.001	8	0.8	7.4	1.01980390271856
0.1	0.001	8	0.85	6.2	2.13541565040626
0.1	0.001	8	0.9	6.2	1.32664991614216
0.1	0.001	8	0.95	4.6	1.2
0.1	0.001	8	1	5.6	0.8
0.1	0.001	8	1.05	5.4	1.35646599662505
0.1	0.001	8	1.1	6.2	1.72046505340853
0.1	0.001	8	1.15	5.2	0.748331477354788
0.1	0.001	8	1.2	4.6	1.35646599662505
0.1	0.001	8	1.25	5.4	0.8
0.1	0.001	8	1.3	4.8	1.16619037896906
0.1	0.001	8	1.35	3.8	1.16619037896906
0.1	0.001	8	1.4	5	2.28035085019828
0.1	0.001	8	1.45	4	0.894427190999916
0.1	0.001	8	1.5	5.8	1.32664991614216
0.1	0.001	9	0.1	0.2	0.4
0.1	0.001	9	0.15	5	2.54950975679639
0.1	0.001	9	0.2	8	3.63318042491699
0.1	0.001	9	0.25	16.6	2.41660919471891
0.1	0.001	9	0.3	13.8	2.31516738055805
0.1	0.001	9	0.35	13.2	0.748331477354788
0.1	0.001	9	0.4	11.8	1.46969384566991
0.1	0.001	9	0.45	11	1.26491106406735
0.1	0.001	9	0.5	10.2	2.22710574513201
0.1	0.001	9	0.55	11.4	2.0591260281974
0.1	0.001	9	0.6	9.6	2.0591260281974
0.1	0.001	9	0.65	6.8	1.16619037896906
0.1	0.001	9	0.7	8.2	2.48193472919817
0.1	0.001	9	0.75	7.8	1.72046505340853
0.1	0.001	9	0.8	6	1.26491106406735
0.1	0.001	9	0.85	6.8	0.979795897113271
0.1	0.001	9	0.9	6.2	1.6
0.1	0.001	9	0.95	5.4	0.489897948556636
0.1	0.001	9	1	4.8	1.46969384566991
0.1	0.001	9	1.05	6	1.67332005306815
0.1	0.001	9	1.1	5.6	2.0591260281974
0.1	0.001	9	1.15	6.6	1.01980390271856
0.1	0.001	9	1.2	5.2	1.6
0.1	0.001	9	1.25	4.2	0.979795897113271
0.1	0.001	9	1.3	3.6	0.489897948556636
0.1	0.001	9	1.35	3.8	0.748331477354788
0.1	0.001	9	1.4	4.4	1.49666295470958
0.1	0.001	9	1.45	5	1.4142135623731
0.1	0.001	9	1.5	4.2	1.93907194296653
0.1	0.001	10	0.1	0	0
0.1	0.001	10	0.15	6.2	5.56417109729742
0.1	0.001	10	0.2	9.8	1.6
0.1	0.001	10	0.25	16.6	2.24499443206436
0.1	0.001	10	0.3	13.2	2.63818119165458
0.1	0.001	10	0.35	12.8	1.46969384566991
0.1	0.001	10	0.4	13.4	2.24499443206436
0.1	0.001	10	0.45	10.8	2.63818119165458
0.1	0.001	10	0.5	9.8	2.13541565040626
0.1	0.001	10	0.55	9.8	1.93907194296653
0.1	0.001	10	0.6	8	1.4142135623731
0.1	0.001	10	0.65	7.6	1.2
0.1	0.001	10	0.7	9	1.4142135623731
0.1	0.001	10	0.75	7	1.09544511501033
0.1	0.001	10	0.8	6	0.894427190999916
0.1	0.001	10	0.85	6.6	1.74355957741627
0.1	0.001	10	0.9	7.2	1.72046505340853
0.1	0.001	10	0.95	5.8	0.979795897113271
0.1	0.001	10	1	6.4	1.74355957741627
0.1	0.001	10	1.05	5	2.19089023002066
0.1	0.001	10	1.1	5.6	1.35646599662505
0.1	0.001	10	1.15	5.6	0.8
0.1	0.001	10	1.2	4	0.632455532033676
0.1	0.001	10	1.25	4	0.894427190999916
0.1	0.001	10	1.3	5	0.894427190999916
0.1	0.001	10	1.35	4	1.26491106406735
0.1	0.001	10	1.4	3.8	1.32664991614216
0.1	0.001	10	1.45	5.2	0.4
0.1	0.001	10	1.5	4	0.894427190999916
0.1	0.01	1	0.1	0.2	0.4
0.1	0.01	1	0.15	0.8	0.4
0.1	0.01	1	0.2	1.2	0.4
0.1	0.01	1	0.25	1	0
0.1	0.01	1	0.3	1	0
0.1	0.01	1	0.35	2.4	1.35646599662505
0.1	0.01	1	0.4	2	0.894427190999916
0.1	0.01	1	0.45	4.2	5.03587132480567
0.1	0.01	1	0.5	3.4	2.57681974534502
0.1	0.01	1	0.55	5.6	5.49909083394701
0.1	0.01	1	0.6	3.6	3.38230690505755
0.1	0.01	1	0.65	3.4	3.38230690505755
0.1	0.01	1	0.7	3.4	2.0591260281974
0.1	0.01	1	0.75	8	7.74596669241483
0.1	0.01	1	0.8	8.8	3.48711915483254
0.1	0.01	1	0.85	7.8	3.42928563989645
0.1	0.01	1	0.9	3.6	2.41660919471891
0.1	0.01	1	0.95	4.6	3.77359245282264
0.1	0.01	1	1	6.6	2.1540659228538
0.1	0.01	1	1.05	5.4	3.72021504754765
0.1	0.01	1	1.1	6.6	4.31740662898458
0.1	0.01	1	1.15	12.8	3.48711915483254
0.1	0.01	1	1.2	4.8	1.72046505340853
0.1	0.01	1	1.25	9.8	4.53431361950185
0.1	0.01	1	1.3	5	1.09544511501033
0.1	0.01	1	1.35	7.8	4.9152822909778
0.1	0.01	1	1.4	6.2	2.99332590941915
0.1	0.01	1	1.45	7.4	5.08330601085553
0.1	0.01	1	1.5	9	3.74165738677394
0.1	0.01	2	0.1	0.6	0.489897948556636
0.1	0.01	2	0.15	2.2	0.979795897113271
0.1	0.01	2	0.2	2.4	0.8
0.1	0.01	2	0.25	2	0
0.1	0.01	2	0.3	5.8	6.11228271597445
0.1	0.01	2	0.35	8	3.89871773792359
0.1	0.01	2	0.4	8.6	4.4988887516808
0.1	0.01	2	0.45	7.6	2.57681974534503
0.1	0.01	2	0.5	10.6	4.4988887516808
0.1	0.01	2	0.55	8.2	2.63818119165458
0.1	0.01	2	0.6	11	5.05964425626941
0.1	0.01	2	0.65	6.75	1.29903810567666
0.1	0.01	2	0.7	9.4	4.02988833592198
0.1	0.01	2	0.75	9.8	3.86781592116274
0.1	0.01	2	0.8	14.2	6.24179461373089
0.1	0.01	2	0.85	10.8	2.63818119165458
0.1	0.01	2	0.9	14.6	5.98665181883831
0.1	0.01	2	0.95	16.6	4.75815090134813
0.1	0.01	2	1	14	7.15541752799933
0.1	0.01	2	1.05	10	4.47213595499958
0.1	0.01	2	1.1	10.2	7.02566722810012
0.1	0.01	2	1.15	15.2	4.70744091837593
0.1	0.01	2	1.2	10.4	3.00665927567458
0.1	0.01	2	1.25	9	4.69041575982343
0.1	0.01	2	1.3	14.6	6.28012738724303
0.1	0.01	2	1.35	15.2	6.61513416341649
0.1	0.01	2	1.4	13.8	7.19444229944198
0.1	0.01	2	1.45	10.8	6.27375485654325
0.1	0.01	2	1.5	11.2	2.31516738055805
0.1	0.01	3	0.1	1.2	0.748331477354788
0.1	0.01	3	0.15	3.4	1.01980390271856
0.1	0.01	3	0.2	6.8	3.31058907144937
0.1	0.01	3	0.25	7.8	4.06939798987516
0.1	0.01	3	0.3	8.4	3.77359245282264
0.1	0.01	3	0.35	14.8	4.44522215417857
0.1	0.01	3	0.4	11.6	5.67802782663136
0.1	0.01	3	0.45	17.2	3.70944739819828
0.1	0.01	3	0.5	14.2	3.81575680566778
0.1	0.01	3	0.55	16	4.04969134626332
0.1	0.01	3	0.6	16.2	4.16653333119993
0.1	0.01	3	0.65	15.4	6.88767014308903
0.1	0.01	3	0.7	17.2	4.79165942028438
0.1	0.01	3	0.75	22	3.286335345031
0.1	0.01	3	0.8	16.6	6.5299310869258
0.1	0.01	3	0.85	18	3.16227766016838
0.1	0.01	3	0.9	13.6	5.74804314527997
0.1	0.01	3	0.95	20.4	8.11418511004032
0.1	0.01	3	1	14.8	3.37045990927054
0.1	0.01	3	1.05	14	2.75680975041804
0.1	0.01	3	1.1	19.5	2.95803989154981
0.1	0.01	3	1.15	12	3.16227766016838
0.1	0.01	3	1.2	12.4	4.4988887516808
0.1	0.01	3	1.25	13.8	4.53431361950185
0.1	0.01	3	1.3	17.4	3.77359245282264
0.1	0.01	3	1.35	14	3.57770876399966
0.1	0.01	3	1.4	14.2	4.70744091837593
0.1	0.01	3	1.45	13.4	3.72021504754765
0.1	0.01	3	1.5	16	6.98569967862919
0.1	0.01	4	0.1	2.8	2.22710574513201
0.1	0.01	4	0.15	7.2	3.65513337649941
0.1	0.01	4	0.2	8.4	5.35163526410386
0.1	0.01	4	0.25	15	3.74165738677394
0.1	0.01	4	0.3	16.2	3.42928563989645
0.1	0.01	4	0.35	13.6	3.9293765408777
0.1	0.01	4	0.4	17.4	2.33238075793812
0.1	0.01	4	0.45	20	5.52268050859363
0.1	0.01	4	0.5	20	3.40587727318528
0.1	0.01	4	0.55	19.4	3.72021504754765
0.1	0.01	4	0.6	19.8	4.4
0.1	0.01	4	0.65	18.6	4.40908153700972
0.1	0.01	4	0.7	20.2	4.4
0.1	0.01	4	0.75	16.8	1.93907194296653
0.1	0.01	4	0.8	18.4	3.61109401705356
0.1	0.01	4	0.85	15.6	5.16139516022558
0.1	0.01	4	0.9	16.8	4.87442304278158
0.1	0.01	4	0.95	16.8	8.1338797630651
0.1	0.01	4	1	16.6	4.07921561087423
0.1	0.01	4	1.05	15.2	1.72046505340853
0.1	0.01	4	1.1	12	3.63318042491699
0.1	0.01	4	1.15	15.4	4.27083130081252
0.1	0.01	4	1.2	13.6	2.87054001888146
0.1	0.01	4	1.25	8.2	3.96988664825584
0.1	0.01	4	1.3	13.6	5.64269439186635
0.1	0.01	4	1.35	9.2	2.31516738055804
0.1	0.01	4	1.4	8.2	2.4
0.1	0.01	4	1.45	12.4	2.33238075793812
0.1	0.01	4	1.5	10.8	2.78567765543682
0.1	0.01	5	0.1	3.2	1.72046505340853
0.1	0.01	5	0.15	11.6	3.66606055596467
0.1	0.01	5	0.2	12.6	3.49857113690718
0.1	0.01	5	0.25	16.6	4.17612260356422
0.1	0.01	5	0.3	17	5.72712842531054
0.1	0.01	5	0.35	21.8	6.93974062915899
0.1	0.01	5	0.4	24.6	1.62480768092719
0.1	0.01	5	0.45	20.4	3.07245829914744
0.1	0.01	5	0.5	22.6	3.77359245282264
0.1	0.01	5	0.55	15.5	2.06155281280883
0.1	0.01	5	0.6	19.4	4.8
0.1	0.01	5	0.65	20.4	5.00399840127872
0.1	0.01	5	0.7	20	5.76194411635517
0.1	0.01	5	0.75	16.8	3.12409987036266
0.1	0.01	5	0.8	16.4	1.01980390271856
0.1	0.01	5	0.85	17.6	5.95315042645489
0.1	0.01	5	0.9	17.6	4.63033476111609
0.1	0.01	5	0.95	17	4.85798312059645
0.1	0.01	5	1	14.6	3.26190128606002
0.1	0.01	5	1.05	13.8	3.18747549010185
0.1	0.01	5	1.1	16.4	3.2
0.1	0.01	5	1.15	12.6	1.35646599662505
0.1	0.01	5	1.2	15.2	3.70944739819828
0.1	0.01	5	1.25	9.6	3.07245829914744
0.1	0.01	5	1.3	10	4.19523539268061
0.1	0.01	5	1.35	11.2	4.74973683481517
0.1	0.01	5	1.4	10	2.0976176963403
0.1	0.01	5	1.45	12	5.62138772902208
0.1	0.01	5	1.5	12.2	2.03960780543711
0.1	0.01	6	0.1	5.2	2.48193472919817
0.1	0.01	6	0.15	14.4	5.08330601085553
0.1	0.01	6	0.2	15.2	4.01995024844836
0.1	0.01	6	0.25	23	4.73286382647969
0.1	0.01	6	0.3	21.6	3.72021504754765
0.1	0.01	6	0.35	18.4	4.31740662898458
0.1	0.01	6	0.4	27	3.5213633723318
0.1	0.01	6	0.45	21	4.09878030638384
0.1	0.01	6	0.5	17.6	4.92341345003647
0.1	0.01	6	0.55	24.2	2.13541565040626
0.1	0.01	6	0.6	18.2	1.83303027798234
0.1	0.01	6	0.65	19	3.63318042491699
0.1	0.01	6	0.7	17	2.60768096208106
0.1	0.01	6	0.75	15.6	7.03135833249878
0.1	0.01	6	0.8	14.6	4.17612260356422
0.1	0.01	6	0.85	21.5	2.69258240356725
0.1	0.01	6	0.9	15.2	2.78567765543682
0.1	0.01	6	0.95	14.5	2.59807621135332
0.1	0.01	6	1	12.2	6.67532770731145
0.1	0.01	6	1.05	12	2.44948974278318
0.1	0.01	6	1.1	8.6	1.49666295470958
0.1	0.01	6	1.15	10.8	2.78567765543682
0.1	0.01	6	1.2	7	3.74165738677394
0.1	0.01	6	1.25	10.2	2.78567765543682
0.1	0.01	6	1.3	11.8	3.48711915483254
0.1	0.01	6	1.35	10.2	5.74108003776293
0.1	0.01	6	1.4	10.6	3.07245829914744
0.1	0.01	6	1.45	7.2	4.2142615011411
0.1	0.01	6	1.5	8.25	2.9474565306379
0.1	0.01	7	0.1	5.4	2.41660919471891
0.1	0.01	7	0.15	13	2.75680975041804
0.1	0.01	7	0.2	20.6	4.4988887516808
0.1	0.01	7	0.25	18	4.77493455452533
0.1	0.01	7	0.3	27	5.32916503778969
0.1	0.01	7	0.35	24.4	4.71593044902064
0.1	0.01	7	0.4	24	2.19089023002066
0.1	0.01	7	0.45	24.8	3.65513337649941
0.1	0.01	7	0.5	24	2.28035085019828
0.1	0.01	7	0.55	20.2	4.53431361950185
0.1	0.01	7	0.6	20.4	2.0591260281974
0.1	0.01	7	0.65	18.2	5.03587132480567
0.1	0.01	7	0.7	14.4	2.49799919935936
0.1	0.01	7	0.75	19	3.3466401061363
0.1	0.01	7	0.8	12.8	3.65513337649941
0.1	0.01	7	0.85	15.4	4.40908153700972
0.1	0.01	7	0.9	13.8	3.48711915483254
0.1	0.01	7	0.95	9.4	2.72763633939717
0.1	0.01	7	1	10.4	1.95959179422654
0.1	0.01	7	1.05	11.25	4.32290411644765
0.1	0.01	7	1.1	12.2	3.48711915483254
0.1	0.01	7	1.15	13.6	3.55527776692624
0.1	0.01	7	1.2	10.4	2.65329983228432
0.1	0.01	7	1.25	7.4	1.85472369909914
0.1	0.01	7	1.3	10.4	2.8
0.1	0.01	7	1.35	9	1.4142135623731
0.1	0.01	7	1.4	8.6	2.87054001888146
0.1	0.01	7	1.45	9.8	5.74108003776293
0.1	0.01	7	1.5	11	3.84707681233427
0.1	0.01	8	0.1	11.2	6.61513416341649
0.1	0.01	8	0.15	17	3.03315017762062
0.1	0.01	8	0.2	25.8	5.41848687365763
0.1	0.01	8	0.25	23.8	8.72696969170857
0.1	0.01	8	0.3	27.6	7.2
0.1	0.01	8	0.35	24.8	4.99599839871872
0.1	0.01	8	0.4	22.6	3.55527776692624
0.1	0.01	8	0.45	23	4.56070170039655
0.1	0.01	8	0.5	20.6	1.74355957741627
0.1	0.01	8	0.55	23.6	4.36348484585429
0.1	0.01	8	0.6	19	2.28035085019828
0.1	0.01	8	0.65	16	5.3665631459995
0.1	0.01	8	0.7	18	1.4142135623731
0.1	0.01	8	0.75	10.25	3.41869858279434
0.1	0.01	8	0.8	14	1.67332005306815
0.1	0.01	8	0.85	12	4.14728827066554
0.1	0.01	8	0.9	12.4	2.87054001888146
0.1	0.01	8	0.95	12	4.33589667773576
0.1	0.01	8	1	8.8	2.03960780543711
0.1	0.01	8	1.05	12.6	3.26190128606002
0.1	0.01	8	1.1	9.6	1.62480768092719
0.1	0.01	8	1.15	8.2	2.31516738055804
0.1	0.01	8	1.2	9	1.4142135623731
0.1	0.01	8	1.25	6.2	3.37045990927054
0.1	0.01	8	1.3	8.5	1.5
0.1	0.01	8	1.35	9	2.82842712474619
0.1	0.01	8	1.4	8	2.89827534923789
0.1	0.01	8	1.45	7.6	1.01980390271856
0.1	0.01	8	1.5	5.6	0.8
0.1	0.01	9	0.1	14.6	7.05974503788912
0.1	0.01	9	0.15	23.2	5.5281099844341
0.1	0.01	9	0.2	24.4	7.83836717690617
0.1	0.01	9	0.25	32	3.57770876399966
0.1	0.01	9	0.3	28.6	6.15142259969188
0.1	0.01	9	0.35	21.4	2.57681974534503
0.1	0.01	9	0.4	28	5.09901951359278
0.1	0.01	9	0.45	22.4	2.57681974534503
0.1	0.01	9	0.5	19.6	4.75815090134813
0.1	0.01	9	0.55	20.2	4.1182520563948
0.1	0.01	9	0.6	16	4.19523539268061
0.1	0.01	9	0.65	12	2.28035085019828
0.1	0.01	9	0.7	16.6	2.87054001888146
0.1	0.01	9	0.75	14.6	5.23832034148352
0.1	0.01	9	0.8	9.8	2.22710574513201
0.1	0.01	9	0.85	8.4	3.07245829914744
0.1	0.01	9	0.9	10.8	2.63818119165458
0.1	0.01	9	0.95	12.4	2.57681974534503
0.1	0.01	9	1	8.8	2.22710574513201
0.1	0.01	9	1.05	11.6	2.0591260281974
0.1	0.01	9	1.1	7	2.60768096208106
0.1	0.01	9	1.15	8.2	2.92574776766556
0.1	0.01	9	1.2	7.75	1.78535710713571
0.1	0.01	9	1.25	5.8	2.03960780543711
0.1	0.01	9	1.3	5	2
0.1	0.01	9	1.35	8.4	3.55527776692624
0.1	0.01	9	1.4	9.8	1.72046505340853
0.1	0.01	9	1.45	6.6	3.61109401705356
0.1	0.01	9	1.5	6	1.26491106406735
0.1	0.01	10	0.1	15.4	4.40908153700972
0.1	0.01	10	0.15	22.8	4.99599839871872
0.1	0.01	10	0.2	24.2	2.71293199325011
0.1	0.01	10	0.25	26.8	3.86781592116274
0.1	0.01	10	0.3	23.2	3.54400902933387
0.1	0.01	10	0.35	26.6	4.02988833592198
0.1	0.01	10	0.4	21.8	4.01995024844836
0.1	0.01	10	0.45	23.6	2.41660919471891
0.1	0.01	10	0.5	15.2	2.48193472919817
0.1	0.01	10	0.55	16.6	2.57681974534503
0.1	0.01	10	0.6	16	4.04969134626332
0.1	0.01	10	0.65	14.2	6.27375485654325
0.1	0.01	10	0.7	14.6	3.26190128606002
0.1	0.01	10	0.75	12.8	2.78567765543682
0.1	0.01	10	0.8	10.6	2.93938769133981
0.1	0.01	10	0.85	14.4	2.0591260281974
0.1	0.01	10	0.9	10.6	3.8262252939418
0.1	0.01	10	0.95	9	1.67332005306815
0.1	0.01	10	1	10.4	1.95959179422654
0.1	0.01	10	1.05	9	2.0976176963403
0.1	0.01	10	1.1	6.6	3.00665927567458
0.1	0.01	10	1.15	7.2	2.4
0.1	0.01	10	1.2	6.4	1.35646599662505
0.1	0.01	10	1.25	7.8	3.31058907144937
0.1	0.01	10	1.3	7.4	3.61109401705356
0.1	0.01	10	1.35	5.6	1.74355957741627
0.1	0.01	10	1.4	7	3.57770876399966
0.1	0.01	10	1.45	6	3.09838667696593
0.1	0.01	10	1.5	7.2	1.93907194296653
1	0.0001	1	0.1	0	0
1	0.0001	1	0.15	0	0
1	0.0001	1	0.2	0	0
1	0.0001	1	0.25	0	0
1	0.0001	1	0.3	0	0
1	0.0001	1	0.35	0	0
1	0.0001	1	0.4	0	0
1	0.0001	1	0.45	0	0
1	0.0001	1	0.5	0.2	0.4
1	0.0001	1	0.55	0.2	0.4
1	0.0001	1	0.6	0	0
1	0.0001	1	0.65	0.2	0.4
1	0.0001	1	0.7	0.4	0.489897948556636
1	0.0001	1	0.75	0.8	0.4
1	0.0001	1	0.8	0.6	0.489897948556636
1	0.0001	1	0.85	0.4	0.489897948556636
1	0.0001	1	0.9	0.6	0.489897948556636
1	0.0001	1	0.95	0.6	0.489897948556636
1	0.0001	1	1	0.8	0.4
1	0.0001	1	1.05	1	0
1	0.0001	1	1.1	0.6	0.489897948556636
1	0.0001	1	1.15	1.2	0.4
1	0.0001	1	1.2	0.6	0.489897948556636
1	0.0001	1	1.25	0.8	0.4
1	0.0001	1	1.3	0.8	0.4
1	0.0001	1	1.35	1.2	0.4
1	0.0001	1	1.4	0.8	0.4
1	0.0001	1	1.45	1.4	0.8
1	0.0001	1	1.5	1	0
1	0.0001	2	0.1	0	0
1	0.0001	2	0.15	0	0
1	0.0001	2	0.2	0	0
1	0.0001	2	0.25	0	0
1	0.0001	2	0.3	0	0
1	0.0001	2	0.35	0	0
1	0.0001	2	0.4	0	0
1	0.0001	2	0.45	0	0
1	0.0001	2	0.5	0	0
1	0.0001	2	0.55	0.6	0.489897948556636
1	0.0001	2	0.6	0.2	0.4
1	0.0001	2	0.65	0.6	0.489897948556636
1	0.0001	2	0.7	1.2	0.979795897113271
1	0.0001	2	0.75	1.4	0.489897948556636
1	0.0001	2	0.8	1.2	0.748331477354788
1	0.0001	2	0.85	1.6	0.489897948556636
1	0.0001	2	0.9	1.6	0.489897948556636
1	0.0001	2	0.95	1.6	0.489897948556636
1	0.0001	2	1	1.6	0.489897948556636
1	0.0001	2	1.05	1.4	0.8
1	0.0001	2	1.1	2	0
1	0.0001	2	1.15	1.4	0.489897948556636
1	0.0001	2	1.2	2	0.632455532033676
1	0.0001	2	1.25	1.8	0.4
1	0.0001	2	1.3	1.8	0.4
1	0.0001	2	1.35	2.2	0.4
1	0.0001	2	1.4	2	0
1	0.0001	2	1.45	2.4	0.489897948556636
1	0.0001	2	1.5	2.2	0.748331477354788
1	0.0001	3	0.1	0	0
1	0.0001	3	0.15	0	0
1	0.0001	3	0.2	0	0
1	0.0001	3	0.25	0	0
1	0.0001	3	0.3	0	0
1	0.0001	3	0.35	0	0
1	0.0001	3	0.4	0.2	0.4
1	0.0001	3	0.45	0	0
1	0.0001	3	0.5	0.6	0.8
1	0.0001	3	0.55	0.4	0.8
1	0.0001	3	0.6	1.2	0.748331477354788
1	0.0001	3	0.65	1.4	0.8
1	0.0001	3	0.7	1.6	1.01980390271856
1	0.0001	3	0.75	1.8	1.16619037896906
1	0.0001	3	0.8	1.8	0.748331477354788
1	0.0001	3	0.85	2	0
1	0.0001	3	0.9	2.2	1.32664991614216
1	0.0001	3	0.95	2.4	0.8
1	0.0001	3	1	2.4	0.489897948556636
1	0.0001	3	1.05	2.8	0.748331477354788
1	0.0001	3	1.1	2.4	0.489897948556636
1	0.0001	3	1.15	2.6	0.489897948556636
1	0.0001	3	1.2	2.8	0.4
1	0.0001	3	1.25	3	0.632455532033676
1	0.0001	3	1.3	2.8	0.4
1	0.0001	3	1.35	3.6	0.489897948556636
1	0.0001	3	1.4	3.2	0.748331477354788
1	0.0001	3	1.45	2.4	0.489897948556636
1	0.0001	3	1.5	2.6	0.489897948556636
1	0.0001	4	0.1	0	0
1	0.0001	4	0.15	0	0
1	0.0001	4	0.2	0	0
1	0.0001	4	0.25	0	0
1	0.0001	4	0.3	0	0
1	0.0001	4	0.35	0.4	0.8
1	0.0001	4	0.4	0.4	0.489897948556636
1	0.0001	4	0.45	0.6	0.8
1	0.0001	4	0.5	0.4	0.8
1	0.0001	4	0.55	0.6	0.489897948556636
1	0.0001	4	0.6	1.2	0.748331477354788
1	0.0001	4	0.65	2.2	1.46969384566991
1	0.0001	4	0.7	2.4	0.489897948556636
1	0.0001	4	0.75	1.6	0.8
1	0.0001	4	0.8	2.4	0.489897948556636
1	0.0001	4	0.85	3.2	1.16619037896906
1	0.0001	4	0.9	4.2	1.16619037896906
1	0.0001	4	0.95	3.6	1.49666295470958
1	0.0001	4	1	3.2	1.16619037896906
1	0.0001	4	1.05	3.4	0.489897948556636
1	0.0001	4	1.1	3.2	0.4
1	0.0001	4	1.15	3.2	0.979795897113271
1	0.0001	4	1.2	3.4	0.8
1	0.0001	4	1.25	2.8	0.4
1	0.0001	4	1.3	3	0
1	0.0001	4	1.35	2.6	0.489897948556636
1	0.0001	4	1.4	3	0
1	0.0001	4	1.45	2.8	0.748331477354788
1	0.0001	4	1.5	2.4	0.489897948556636
1	0.0001	5	0.1	0	0
1	0.0001	5	0.15	0	0
1	0.0001	5	0.2	0	0
1	0.0001	5	0.25	0	0
1	0.0001	5	0.3	0.2	0.4
1	0.0001	5	0.35	0.2	0.4
1	0.0001	5	0.4	0.2	0.4
1	0.0001	5	0.45	1	0.632455532033676
1	0.0001	5	0.5	0	0
1	0.0001	5	0.55	1.6	1.01980390271856
1	0.0001	5	0.6	1.6	1.01980390271856
1	0.0001	5	0.65	2.6	1.01980390271856
1	0.0001	5	0.7	3	0.632455532033676
1	0.0001	5	0.75	2.2	1.16619037896906
1	0.0001	5	0.8	3.2	0.4
1	0.0001	5	0.85	3.2	1.46969384566991
1	0.0001	5	0.9	3.6	0.8
1	0.0001	5	0.95	3.4	0.8
1	0.0001	5	1	3.6	0.8
1	0.0001	5	1.05	3.6	0.489897948556636
1	0.0001	5	1.1	2.6	0.489897948556636
1	0.0001	5	1.15	3	0
1	0.0001	5	1.2	3.6	0.8
1	0.0001	5	1.25	2.6	0.489897948556636
1	0.0001	5	1.3	3.2	0.748331477354788
1	0.0001	5	1.35	2.4	0.489897948556636
1	0.0001	5	1.4	2.6	0.489897948556636
1	0.0001	5	1.45	3	0.632455532033676
1	0.0001	5	1.5	2.6	0.489897948556636
1	0.0001	6	0.1	0	0
1	0.0001	6	0.15	0	0
1	0.0001	6	0.2	0	0
1	0.0001	6	0.25	0	0
1	0.0001	6	0.3	0	0
1	0.0001	6	0.35	0	0
1	0.0001	6	0.4	0.2	0.4
1	0.0001	6	0.45	0.8	0.748331477354788
1	0.0001	6	0.5	0.8	0.4
1	0.0001	6	0.55	2.6	2.57681974534503
1	0.0001	6	0.6	1.8	1.32664991614216
1	0.0001	6	0.65	2.8	0.979795897113271
1	0.0001	6	0.7	3.2	1.16619037896906
1	0.0001	6	0.75	3.6	1.01980390271856
1	0.0001	6	0.8	3.4	0.8
1	0.0001	6	0.85	4.2	0.979795897113271
1	0.0001	6	0.9	4.4	0.8
1	0.0001	6	0.95	3.8	0.4
1	0.0001	6	1	3.8	0.4
1	0.0001	6	1.05	3.4	0.489897948556636
1	0.0001	6	1.1	3.6	0.8
1	0.0001	6	1.15	3.2	0.4
1	0.0001	6	1.2	3.2	0.4
1	0.0001	6	1.25	3	0
1	0.0001	6	1.3	2.6	0.489897948556636
1	0.0001	6	1.35	3	1.26491106406735
1	0.0001	6	1.4	2.2	0.4
1	0.0001	6	1.45	2.2	0.748331477354788
1	0.0001	6	1.5	2.6	0.489897948556636
1	0.0001	7	0.1	0	0
1	0.0001	7	0.15	0	0
1	0.0001	7	0.2	0	0
1	0.0001	7	0.25	0.2	0.4
1	0.0001	7	0.3	0	0
1	0.0001	7	0.35	0	0
1	0.0001	7	0.4	0.8	0.748331477354788
1	0.0001	7	0.45	1	1.09544511501033
1	0.0001	7	0.5	0.6	0.489897948556636
1	0.0001	7	0.55	2.4	1.35646599662505
1	0.0001	7	0.6	2.4	2.0591260281974
1	0.0001	7	0.65	2.6	1.62480768092719
1	0.0001	7	0.7	4.2	0.748331477354788
1	0.0001	7	0.75	3.6	0.489897948556636
1	0.0001	7	0.8	4.8	1.72046505340853
1	0.0001	7	0.85	2.8	1.32664991614216
1	0.0001	7	0.9	3.6	0.489897948556636
1	0.0001	7	0.95	3.8	0.748331477354788
1	0.0001	7	1	3	0
1	0.0001	7	1.05	3.6	0.489897948556636
1	0.0001	7	1.1	3.4	0.8
1	0.0001	7	1.15	3	0.632455532033676
1	0.0001	7	1.2	3	0.894427190999916
1	0.0001	7	1.25	3.6	0.8
1	0.0001	7	1.3	3	0
1	0.0001	7	1.35	3	0
1	0.0001	7	1.4	2.6	0.489897948556636
1	0.0001	7	1.45	2.8	0.4
1	0.0001	7	1.5	2.6	0.489897948556636
1	0.0001	8	0.1	0	0
1	0.0001	8	0.15	0	0
1	0.0001	8	0.2	0.2	0.4
1	0.0001	8	0.25	0	0
1	0.0001	8	0.3	0.2	0.4
1	0.0001	8	0.35	1	1.26491106406735
1	0.0001	8	0.4	1.4	1.01980390271856
1	0.0001	8	0.45	1.8	0.748331477354788
1	0.0001	8	0.5	4	1.54919333848297
1	0.0001	8	0.55	3.4	0.489897948556636
1	0.0001	8	0.6	3.4	1.01980390271856
1	0.0001	8	0.65	5	1.26491106406735
1	0.0001	8	0.7	4.2	0.979795897113271
1	0.0001	8	0.75	4	0.632455532033676
1	0.0001	8	0.8	4	0.632455532033676
1	0.0001	8	0.85	4.4	0.489897948556636
1	0.0001	8	0.9	2.6	0.489897948556636
1	0.0001	8	0.95	3.6	0.8
1	0.0001	8	1	3.6	0.489897948556636
1	0.0001	8	1.05	3.6	0.489897948556636
1	0.0001	8	1.1	3.4	0.489897948556636
1	0.0001	8	1.15	2.8	0.748331477354788
1	0.0001	8	1.2	3	0
1	0.0001	8	1.25	2.8	0.4
1	0.0001	8	1.3	3	0
1	0.0001	8	1.35	3	0
1	0.0001	8	1.4	2.8	0.748331477354788
1	0.0001	8	1.45	3.2	0.4
1	0.0001	8	1.5	2.6	0.489897948556636
1	0.0001	9	0.1	0	0
1	0.0001	9	0.15	0	0
1	0.0001	9	0.2	0.2	0.4
1	0.0001	9	0.25	0	0
1	0.0001	9	0.3	0	0
1	0.0001	9	0.35	0.4	0.489897948556636
1	0.0001	9	0.4	0.8	0.4
1	0.0001	9	0.45	0.8	0.748331477354788
1	0.0001	9	0.5	2.4	1.95959179422654
1	0.0001	9	0.55	2.8	0.979795897113271
1	0.0001	9	0.6	3.4	2.0591260281974
1	0.0001	9	0.65	3.4	1.35646599662505
1	0.0001	9	0.7	4.6	0.8
1	0.0001	9	0.75	4	0.632455532033676
1	0.0001	9	0.8	4	0.632455532033676
1	0.0001	9	0.85	3.8	0.4
1	0.0001	9	0.9	4	0
1	0.0001	9	0.95	3.6	0.8
1	0.0001	9	1	3.6	0.8
1	0.0001	9	1.05	4	0.632455532033676
1	0.0001	9	1.1	3.4	0.489897948556636
1	0.0001	9	1.15	3.2	0.979795897113271
1	0.0001	9	1.2	3.4	0.489897948556636
1	0.0001	9	1.25	3	0
1	0.0001	9	1.3	2.8	0.4
1	0.0001	9	1.35	3.2	0.4
1	0.0001	9	1.4	3.2	0.4
1	0.0001	9	1.45	2.4	0.489897948556636
1	0.0001	9	1.5	2.6	0.489897948556636
1	0.0001	10	0.1	0	0
1	0.0001	10	0.15	0	0
1	0.0001	10	0.2	0	0
1	0.0001	10	0.25	0	0
1	0.0001	10	0.3	0.2	0.4
1	0.0001	10	0.35	0.4	0.489897948556636
1	0.0001	10	0.4	1.2	0.748331477354788
1	0.0001	10	0.45	2	1.54919333848297
1	0.0001	10	0.5	3.4	1.35646599662505
1	0.0001	10	0.55	4.2	0.979795897113271
1	0.0001	10	0.6	4	1.78885438199983
1	0.0001	10	0.65	5.2	0.4
1	0.0001	10	0.7	3.8	0.748331477354788
1	0.0001	10	0.75	4.2	1.32664991614216
1	0.0001	10	0.8	3.8	1.46969384566991
1	0.0001	10	0.85	4.2	0.748331477354788
1	0.0001	10	0.9	4	0.632455532033676
1	0.0001	10	0.95	3.6	0.8
1	0.0001	10	1	3.2	0.748331477354788
1	0.0001	10	1.05	4	0.632455532033676
1	0.0001	10	1.1	3.4	0.8
1	0.0001	10	1.15	3	0
1	0.0001	10	1.2	3.2	0.4
1	0.0001	10	1.25	2.6	0.489897948556636
1	0.0001	10	1.3	3	0
1	0.0001	10	1.35	2.8	0.4
1	0.0001	10	1.4	3	0.632455532033676
1	0.0001	10	1.45	2.6	0.489897948556636
1	0.0001	10	1.5	2.8	0.4
1	0.001	1	0.1	0	0
1	0.001	1	0.15	0	0
1	0.001	1	0.2	0	0
1	0.001	1	0.25	0	0
1	0.001	1	0.3	0	0
1	0.001	1	0.35	0.2	0.4
1	0.001	1	0.4	0	0
1	0.001	1	0.45	0.6	0.489897948556636
1	0.001	1	0.5	1	0.632455532033676
1	0.001	1	0.55	0.8	0.4
1	0.001	1	0.6	1.2	0.4
1	0.001	1	0.65	0.8	0.4
1	0.001	1	0.7	1.2	0.4
1	0.001	1	0.75	1.2	0.4
1	0.001	1	0.8	1	0
1	0.001	1	0.85	1.2	0.4
1	0.001	1	0.9	1	0
1	0.001	1	0.95	1.2	0.4
1	0.001	1	1	1.6	0.8
1	0.001	1	1.05	1.2	0.4
1	0.001	1	1.1	1.2	0.4
1	0.001	1	1.15	1	0
1	0.001	1	1.2	2.2	0.979795897113271
1	0.001	1	1.25	1.8	1.16619037896906
1	0.001	1	1.3	1	0
1	0.001	1	1.35	1.2	0.4
1	0.001	1	1.4	1	0
1	0.001	1	1.45	1.6	1.2
1	0.001	1	1.5	1	0
1	0.001	2	0.1	0	0
1	0.001	2	0.15	0	0
1	0.001	2	0.2	0	0
1	0.001	2	0.25	0	0
1	0.001	2	0.3	0	0
1	0.001	2	0.35	0.4	0.8
1	0.001	2	0.4	1.6	1.35646599662505
1	0.001	2	0.45	1.4	0.489897948556636
1	0.001	2	0.5	1.6	0.8
1	0.001	2	0.55	2.2	1.46969384566991
1	0.001	2	0.6	2.2	0.748331477354788
1	0.001	2	0.65	2	0.632455532033676
1	0.001	2	0.7	2	0
1	0.001	2	0.75	2.4	0.8
1	0.001	2	0.8	3.2	0.979795897113271
1	0.001	2	0.85	2.6	0.8
1	0.001	2	0.9	2.6	0.489897948556636
1	0.001	2	0.95	2.8	1.16619037896906
1	0.001	2	1	2.8	0.4
1	0.001	2	1.05	2.8	0.748331477354788
1	0.001	2	1.1	3	0.632455532033676
1	0.001	2	1.15	3	1.54919333848297
1	0.001	2	1.2	4	1.09544511501033
1	0.001	2	1.25	4	0.632455532033676
1	0.001	2	1.3	2.6	0.8
1	0.001	2	1.35	2.6	0.489897948556636
1	0.001	2	1.4	3.2	0.4
1	0.001	2	1.45	2.8	0.4
1	0.001	2	1.5	2.6	0.489897948556636
1	0.001	3	0.1	0	0
1	0.001	3	0.15	0	0
1	0.001	3	0.2	0	0
1	0.001	3	0.25	0.2	0.4
1	0.001	3	0.3	0.6	0.489897948556636
1	0.001	3	0.35	0.8	0.748331477354788
1	0.001	3	0.4	2.2	0.979795897113271
1	0.001	3	0.45	2.2	0.748331477354788
1	0.001	3	0.5	2.8	0.748331477354788
1	0.001	3	0.55	3.2	1.46969384566991
1	0.001	3	0.6	4.6	1.35646599662505
1	0.001	3	0.65	3.8	0.748331477354788
1	0.001	3	0.7	5.2	0.748331477354788
1	0.001	3	0.75	3.2	0.4
1	0.001	3	0.8	3.6	0.489897948556636
1	0.001	3	0.85	4.2	0.748331477354788
1	0.001	3	0.9	5	2.0976176963403
1	0.001	3	0.95	4.8	1.46969384566991
1	0.001	3	1	3.8	0.748331477354788
1	0.001	3	1.05	3.6	0.8
1	0.001	3	1.1	4.4	0.8
1	0.001	3	1.15	4	1.09544511501033
1	0.001	3	1.2	4.2	0.979795897113271
1	0.001	3	1.25	4.4	1.2
1	0.001	3	1.3	3.6	0.489897948556636
1	0.001	3	1.35	4.8	0.748331477354788
1	0.001	3	1.4	4.8	0.748331477354788
1	0.001	3	1.45	3	0
1	0.001	3	1.5	4.6	1.01980390271856
1	0.001	4	0.1	0	0
1	0.001	4	0.15	0	0
1	0.001	4	0.2	0	0
1	0.001	4	0.25	0.8	0.748331477354788
1	0.001	4	0.3	1.4	0.8
1	0.001	4	0.35	3.4	1.01980390271856
1	0.001	4	0.4	3	1.09544511501033
1	0.001	4	0.45	5.4	2.24499443206436
1	0.001	4	0.5	4	0.632455532033676
1	0.001	4	0.55	3.4	0.8
1	0.001	4	0.6	5	1.09544511501033
1	0.001	4	0.65	5	0.632455532033676
1	0.001	4	0.7	6	0.894427190999916
1	0.001	4	0.75	4.4	0.8
1	0.001	4	0.8	5.8	1.93907194296653
1	0.001	4	0.85	5	1.09544511501033
1	0.001	4	0.9	4.8	0.748331477354788
1	0.001	4	0.95	5	0
1	0.001	4	1	5.6	1.01980390271856
1	0.001	4	1.05	5.6	0.8
1	0.001	4	1.1	5	0.632455532033676
1	0.001	4	1.15	4.6	1.35646599662505
1	0.001	4	1.2	4.8	0.748331477354788
1	0.001	4	1.25	4.2	0.4
1	0.001	4	1.3	4.8	0.979795897113271
1	0.001	4	1.35	4.8	1.83303027798234
1	0.001	4	1.4	4.2	1.16619037896906
1	0.001	4	1.45	4.2	0.979795897113271
1	0.001	4	1.5	3.4	0.8
1	0.001	5	0.1	0	0
1	0.001	5	0.15	0	0
1	0.001	5	0.2	0	0
1	0.001	5	0.25	0.6	1.2
1	0.001	5	0.3	1.8	1.16619037896906
1	0.001	5	0.35	3.2	1.6
1	0.001	5	0.4	5.2	2.4
1	0.001	5	0.45	4.8	1.16619037896906
1	0.001	5	0.5	5.8	1.72046505340853
1	0.001	5	0.55	6.2	1.16619037896906
1	0.001	5	0.6	5.2	0.748331477354788
1	0.001	5	0.65	6.4	0.489897948556636
1	0.001	5	0.7	6	0.632455532033676
1	0.001	5	0.75	6.8	1.46969384566991
1	0.001	5	0.8	6.6	1.01980390271856
1	0.001	5	0.85	5.8	0.748331477354788
1	0.001	5	0.9	4.6	0.489897948556636
1	0.001	5	0.95	5.2	1.16619037896906
1	0.001	5	1	5.2	0.979795897113271
1	0.001	5	1.05	4.4	0.8
1	0.001	5	1.1	5	1.09544511501033
1	0.001	5	1.15	4.2	0.748331477354788
1	0.001	5	1.2	3.6	0.489897948556636
1	0.001	5	1.25	3.4	0.489897948556636
1	0.001	5	1.3	3.6	1.01980390271856
1	0.001	5	1.35	3.2	0.748331477354788
1	0.001	5	1.4	3.8	0.748331477354788
1	0.001	5	1.45	5	0.894427190999916
1	0.001	5	1.5	4	1.26491106406735
1	0.001	6	0.1	0	0
1	0.001	6	0.15	0	0
1	0.001	6	0.2	0.8	0.979795897113271
1	0.001	6	0.25	1.4	1.49666295470958
1	0.001	6	0.3	2.2	1.93907194296653
1	0.001	6	0.35	3.8	2.4
1	0.001	6	0.4	7	1.4142135623731
1	0.001	6	0.45	7.4	2.0591260281974
1	0.001	6	0.5	5.6	1.01980390271856
1	0.001	6	0.55	6.6	1.35646599662505
1	0.001	6	0.6	7.2	1.6
1	0.001	6	0.65	7.8	0.979795897113271
1	0.001	6	0.7	7.8	1.16619037896906
1	0.001	6	0.75	5	1.09544511501033
1	0.001	6	0.8	6	1.4142135623731
1	0.001	6	0.85	6.6	1.35646599662505
1	0.001	6	0.9	6.6	1.95959179422654
1	0.001	6	0.95	4.2	0.4
1	0.001	6	1	5.2	2.13541565040626
1	0.001	6	1.05	5	1.4142135623731
1	0.001	6	1.1	5	0.894427190999916
1	0.001	6	1.15	3.4	0.8
1	0.001	6	1.2	4.2	1.46969384566991
1	0.001	6	1.25	4	0.894427190999916
1	0.001	6	1.3	3.4	0.8
1	0.001	6	1.35	3.4	0.489897948556636
1	0.001	6	1.4	4	0.894427190999916
1	0.001	6	1.45	3.6	0.489897948556636
1	0.001	6	1.5	4.4	1.85472369909914
1	0.001	7	0.1	0	0
1	0.001	7	0.15	0	0
1	0.001	7	0.2	1	0.894427190999916
1	0.001	7	0.25	2.6	1.95959179422654
1	0.001	7	0.3	5.2	3.18747549010185
1	0.001	7	0.35	4.4	1.01980390271856
1	0.001	7	0.4	7	1.67332005306815
1	0.001	7	0.45	8	1.4142135623731
1	0.001	7	0.5	7	1.4142135623731
1	0.001	7	0.55	8.4	1.2
1	0.001	7	0.6	7.6	1.85472369909914
1	0.001	7	0.65	7.8	0.979795897113271
1	0.001	7	0.7	6.2	1.16619037896906
1	0.001	7	0.75	5.4	1.01980390271856
1	0.001	7	0.8	6	1.4142135623731
1	0.001	7	0.85	5.8	0.748331477354788
1	0.001	7	0.9	4.2	0.748331477354788
1	0.001	7	0.95	5.6	1.2
1	0.001	7	1	4.6	1.01980390271856
1	0.001	7	1.05	4	0.632455532033676
1	0.001	7	1.1	3.6	1.01980390271856
1	0.001	7	1.15	4.6	0.489897948556636
1	0.001	7	1.2	3.8	0.4
1	0.001	7	1.25	3.6	0.8
1	0.001	7	1.3	3.8	0.748331477354788
1	0.001	7	1.35	3.2	1.16619037896906
1	0.001	7	1.4	3.4	0.8
1	0.001	7	1.45	3.6	0.8
1	0.001	7	1.5	3.8	1.16619037896906
1	0.001	8	0.1	0	0
1	0.001	8	0.15	0	0
1	0.001	8	0.2	0.4	0.8
1	0.001	8	0.25	2.6	1.2
1	0.001	8	0.3	4.2	3.31058907144937
1	0.001	8	0.35	6.4	2.24499443206436
1	0.001	8	0.4	7.2	2.22710574513201
1	0.001	8	0.45	8	1.54919333848297
1	0.001	8	0.5	7.8	1.46969384566991
1	0.001	8	0.55	7.8	2.31516738055805
1	0.001	8	0.6	7	1.54919333848297
1	0.001	8	0.65	6.6	1.01980390271856
1	0.001	8	0.7	6.8	0.979795897113271
1	0.001	8	0.75	5.4	1.2
1	0.001	8	0.8	5.8	0.979795897113271
1	0.001	8	0.85	5	0.632455532033676
1	0.001	8	0.9	5.4	1.01980390271856
1	0.001	8	0.95	4.8	1.16619037896906
1	0.001	8	1	5	1.4142135623731
1	0.001	8	1.05	4.8	0.748331477354788
1	0.001	8	1.1	4	0.632455532033676
1	0.001	8	1.15	4.2	0.4
1	0.001	8	1.2	3	1.09544511501033
1	0.001	8	1.25	4	1.09544511501033
1	0.001	8	1.3	4	1.09544511501033
1	0.001	8	1.35	4.4	0.8
1	0.001	8	1.4	2.8	0.748331477354788
1	0.001	8	1.45	3.4	0.489897948556636
1	0.001	8	1.5	3.2	0.748331477354788
1	0.001	9	0.1	0	0
1	0.001	9	0.15	0	0
1	0.001	9	0.2	2.2	3.12409987036266
1	0.001	9	0.25	2.4	1.35646599662505
1	0.001	9	0.3	6	2.28035085019828
1	0.001	9	0.35	7.6	2.0591260281974
1	0.001	9	0.4	7.8	2.03960780543711
1	0.001	9	0.45	7.2	2.4
1	0.001	9	0.5	8.4	1.01980390271856
1	0.001	9	0.55	7.4	2.41660919471891
1	0.001	9	0.6	7.6	1.85472369909914
1	0.001	9	0.65	6.8	1.16619037896906
1	0.001	9	0.7	5.8	1.32664991614216
1	0.001	9	0.75	6	1.09544511501033
1	0.001	9	0.8	6.2	2.03960780543711
1	0.001	9	0.85	5.2	2.13541565040626
1	0.001	9	0.9	4.4	1.01980390271856
1	0.001	9	0.95	4.4	0.8
1	0.001	9	1	4	0.632455532033676
1	0.001	9	1.05	4	0.894427190999916
1	0.001	9	1.1	4.6	0.8
1	0.001	9	1.15	4.6	0.489897948556636
1	0.001	9	1.2	5.4	1.01980390271856
1	0.001	9	1.25	3.6	0.8
1	0.001	9	1.3	3.8	0.748331477354788
1	0.001	9	1.35	4	1.09544511501033
1	0.001	9	1.4	3.8	0.4
1	0.001	9	1.45	3.4	0.489897948556636
1	0.001	9	1.5	3	0.894427190999916
1	0.001	10	0.1	0	0
1	0.001	10	0.15	0	0
1	0.001	10	0.2	2.2	2.13541565040626
1	0.001	10	0.25	4.6	1.95959179422654
1	0.001	10	0.3	7.8	3.37045990927054
1	0.001	10	0.35	7.8	1.93907194296653
1	0.001	10	0.4	8.4	1.35646599662505
1	0.001	10	0.45	9.4	1.01980390271856
1	0.001	10	0.5	8.2	0.748331477354788
1	0.001	10	0.55	6.4	1.49666295470958
1	0.001	10	0.6	6.4	1.01980390271856
1	0.001	10	0.65	6	0.632455532033676
1	0.001	10	0.7	6.8	0.748331477354788
1	0.001	10	0.75	6.8	0.979795897113271
1	0.001	10	0.8	5.6	1.35646599662505
1	0.001	10	0.85	6.2	1.16619037896906
1	0.001	10	0.9	5.2	0.979795897113271
1	0.001	10	0.95	4.6	0.8
1	0.001	10	1	4.6	0.489897948556636
1	0.001	10	1.05	4.4	0.8
1	0.001	10	1.1	3.2	1.32664991614216
1	0.001	10	1.15	3.4	1.01980390271856
1	0.001	10	1.2	4	1.26491106406735
1	0.001	10	1.25	3.2	0.979795897113271
1	0.001	10	1.3	3	0.632455532033676
1	0.001	10	1.35	3.2	0.979795897113271
1	0.001	10	1.4	3.2	0.4
1	0.001	10	1.45	3.8	1.16619037896906
1	0.001	10	1.5	2.6	1.01980390271856
1	0.01	1	0.1	0	0
1	0.01	1	0.15	0	0
1	0.01	1	0.2	0	0
1	0.01	1	0.25	1.25	1.08972473588517
1	0.01	1	0.3	0.75	0.433012701892219
1	0.01	1	0.35	1	0
1	0.01	1	0.4	1	0
1	0.01	1	0.45	1.6	0.8
1	0.01	1	0.5	2.2	1.16619037896906
1	0.01	1	0.55	2.4	1.85472369909914
1	0.01	1	0.6	2.25	0.433012701892219
1	0.01	1	0.65	3	1.78885438199983
1	0.01	1	0.7	3.2	2.99332590941915
1	0.01	1	0.75	1.2	0.4
1	0.01	1	0.8	3.2	2.63818119165458
1	0.01	1	0.85	2.8	2.22710574513201
1	0.01	1	0.9	2.2	0.979795897113271
1	0.01	1	0.95	2.4	1.35646599662505
1	0.01	1	1	3.6	2.24499443206436
1	0.01	1	1.05	2.4	1.35646599662505
1	0.01	1	1.1	2.2	0.979795897113271
1	0.01	1	1.15	4	2.0976176963403
1	0.01	1	1.2	3.6	1.85472369909914
1	0.01	1	1.25	3.6	2.93938769133981
1	0.01	1	1.3	2.8	1.16619037896906
1	0.01	1	1.35	3.4	1.62480768092719
1	0.01	1	1.4	4	0.894427190999916
1	0.01	1	1.45	3.4	2.24499443206436
1	0.01	1	1.5	3.4	1.2
1	0.01	2	0.1	0	0
1	0.01	2	0.15	0	0
1	0.01	2	0.2	1.2	1.93907194296653
1	0.01	2	0.25	1.4	0.489897948556636
1	0.01	2	0.3	1.8	1.16619037896906
1	0.01	2	0.35	2.6	0.489897948556636
1	0.01	2	0.4	4	1.09544511501033
1	0.01	2	0.45	5	1.67332005306815
1	0.01	2	0.5	4.6	1.85472369909914
1	0.01	2	0.55	3.8	1.93907194296653
1	0.01	2	0.6	6.2	1.6
1	0.01	2	0.65	3.4	2.33238075793812
1	0.01	2	0.7	5	2.96647939483827
1	0.01	2	0.75	4	2.28035085019828
1	0.01	2	0.8	5.2	2.78567765543682
1	0.01	2	0.85	6.2	2.99332590941915
1	0.01	2	0.9	7	1.78885438199983
1	0.01	2	0.95	7	2.96647939483827
1	0.01	2	1	7.4	1.62480768092719
1	0.01	2	1.05	6.4	2.1540659228538
1	0.01	2	1.1	6.4	2.0591260281974
1	0.01	2	1.15	5.2	2.31516738055805
1	0.01	2	1.2	5.6	2.0591260281974
1	0.01	2	1.25	9.25	3.76662979332984
1	0.01	2	1.3	8	4.60434577328853
1	0.01	2	1.35	5.4	0.8
1	0.01	2	1.4	7	1.26491106406735
1	0.01	2	1.45	7.25	1.6393596310755
1	0.01	2	1.5	5.8	0.979795897113271
1	0.01	3	0.1	0	0
1	0.01	3	0.15	0	0
1	0.01	3	0.2	1.2	0.4
1	0.01	3	0.25	1.8	0.748331477354788
1	0.01	3	0.3	4.2	2.03960780543711
1	0.01	3	0.35	6.2	1.93907194296653
1	0.01	3	0.4	5.8	1.6
1	0.01	3	0.45	5.4	1.35646599662505
1	0.01	3	0.5	5.4	1.49666295470958
1	0.01	3	0.55	6.8	2.48193472919817
1	0.01	3	0.6	11.6	3.8262252939418
1	0.01	3	0.65	7.4	1.74355957741627
1	0.01	3	0.7	6	1.26491106406735
1	0.01	3	0.75	7.6	0.489897948556636
1	0.01	3	0.8	7.2	0.748331477354788
1	0.01	3	0.85	7.4	1.95959179422654
1	0.01	3	0.9	11.6	1.85472369909914
1	0.01	3	0.95	10	4
1	0.01	3	1	11	2.68328157299975
1	0.01	3	1.05	9	2.44948974278318
1	0.01	3	1.1	11.8	3.96988664825584
1	0.01	3	1.15	8	0.632455532033676
1	0.01	3	1.2	8.2	3.18747549010185
1	0.01	3	1.25	10.6	2.41660919471891
1	0.01	3	1.3	7.6	4.27083130081252
1	0.01	3	1.35	8.75	2.1650635094611
1	0.01	3	1.4	7.6	2.41660919471891
1	0.01	3	1.45	8.2	1.6
1	0.01	3	1.5	9.75	4.9180788932265
1	0.01	4	0.1	0	0
1	0.01	4	0.15	0.8	1.16619037896906
1	0.01	4	0.2	3.6	2.41660919471891
1	0.01	4	0.25	4.4	3.38230690505755
1	0.01	4	0.3	7.8	2.48193472919817
1	0.01	4	0.35	8	2.82842712474619
1	0.01	4	0.4	7.8	3.96988664825584
1	0.01	4	0.45	9	2.82842712474619
1	0.01	4	0.5	7	1.4142135623731
1	0.01	4	0.55	12.4	1.35646599662505
1	0.01	4	0.6	8	2.28035085019828
1	0.01	4	0.65	11.4	1.2
1	0.01	4	0.7	11.2	3.54400902933387
1	0.01	4	0.75	9.4	2.93938769133981
1	0.01	4	0.8	12.8	1.72046505340853
1	0.01	4	0.85	9.6	2.0591260281974
1	0.01	4	0.9	11	1.67332005306815
1	0.01	4	0.95	11.8	2.48193472919817
1	0.01	4	1	11.8	4.16653333119993
1	0.01	4	1.05	13.2	2.92574776766556
1	0.01	4	1.1	7.6	1.62480768092719
1	0.01	4	1.15	10.8	2.03960780543711
1	0.01	4	1.2	9.4	3.61109401705356
1	0.01	4	1.25	9.4	2.72763633939717
1	0.01	4	1.3	9.6	3.72021504754765
1	0.01	4	1.35	7.5	2.69258240356725
1	0.01	4	1.4	7.4	1.85472369909914
1	0.01	4	1.45	7.6	0.8
1	0.01	4	1.5	7.75	3.11247489949718
1	0.01	5	0.1	0	0
1	0.01	5	0.15	4.2	4.48998886412873
1	0.01	5	0.2	4	2
1	0.01	5	0.25	8.6	1.62480768092719
1	0.01	5	0.3	8.8	3.31058907144937
1	0.01	5	0.35	11	2.44948974278318
1	0.01	5	0.4	10.6	1.49666295470958
1	0.01	5	0.45	12	3.9496835316263
1	0.01	5	0.5	10.4	2.72763633939717
1	0.01	5	0.55	15.4	6.34350061086148
1	0.01	5	0.6	14	3.9496835316263
1	0.01	5	0.65	12.2	2.4
1	0.01	5	0.7	14.2	2.03960780543711
1	0.01	5	0.75	13.8	1.32664991614216
1	0.01	5	0.8	11.6	3.44093010681705
1	0.01	5	0.85	14	2.82842712474619
1	0.01	5	0.9	12.6	4.12795348811006
1	0.01	5	0.95	11.6	2.0591260281974
1	0.01	5	1	10.4	3.26190128606002
1	0.01	5	1.05	10.2	2.78567765543682
1	0.01	5	1.1	8.8	2.78567765543682
1	0.01	5	1.15	6.4	1.85472369909914
1	0.01	5	1.2	8.2	2.63818119165458
1	0.01	5	1.25	8.6	1.49666295470958
1	0.01	5	1.3	9	1.89736659610103
1	0.01	5	1.35	5	1.09544511501033
1	0.01	5	1.4	6.8	1.46969384566991
1	0.01	5	1.45	9	2.68328157299975
1	0.01	5	1.5	7.6	3.00665927567458
1	0.01	6	0.1	1.4	1.95959179422654
1	0.01	6	0.15	2.5	2.69258240356725
1	0.01	6	0.2	4	1.54919333848297
1	0.01	6	0.25	11.3333333333333	1.69967317119759
1	0.01	6	0.3	12.8	1.93907194296653
1	0.01	6	0.35	10.6	1.49666295470958
1	0.01	6	0.4	12.2	3.81575680566778
1	0.01	6	0.45	11	2.28035085019828
1	0.01	6	0.5	13	2.28035085019828
1	0.01	6	0.55	14.2	1.46969384566991
1	0.01	6	0.6	16	2.44948974278318
1	0.01	6	0.65	16.25	2.8613807855649
1	0.01	6	0.7	14.6	4.17612260356422
1	0.01	6	0.75	14	1.67332005306815
1	0.01	6	0.8	12.4	2.41660919471891
1	0.01	6	0.85	12.8	1.72046505340853
1	0.01	6	0.9	9.6	3.13687742827162
1	0.01	6	0.95	9.2	3.42928563989645
1	0.01	6	1	6.8	2.03960780543711
1	0.01	6	1.05	9	1.78885438199983
1	0.01	6	1.1	10.8	4.01995024844836
1	0.01	6	1.15	9.5	2.95803989154981
1	0.01	6	1.2	6.8	0.748331477354788
1	0.01	6	1.25	8.6	3.13687742827162
1	0.01	6	1.3	7.8	1.72046505340853
1	0.01	6	1.35	6.6	1.62480768092719
1	0.01	6	1.4	4.6	1.01980390271856
1	0.01	6	1.45	6	2.75680975041804
1	0.01	6	1.5	7.8	2.71293199325011
1	0.01	7	0.1	0	0
1	0.01	7	0.15	2	2.0976176963403
1	0.01	7	0.2	8	3.67423461417477
1	0.01	7	0.25	10.8	1.93907194296653
1	0.01	7	0.3	12.8	2.71293199325011
1	0.01	7	0.35	10.4	1.62480768092719
1	0.01	7	0.4	16.4	3.38230690505755
1	0.01	7	0.45	15.4	3.72021504754765
1	0.01	7	0.5	15.2	4.1182520563948
1	0.01	7	0.55	15.8	3.65513337649941
1	0.01	7	0.6	16.2	6.04648658313239
1	0.01	7	0.65	14	3.39116499156263
1	0.01	7	0.7	12.4	2.0591260281974
1	0.01	7	0.75	11.8	1.16619037896906
1	0.01	7	0.8	12.2	3.76297754444536
1	0.01	7	0.85	8.4	4.07921561087423
1	0.01	7	0.9	9.2	2.03960780543711
1	0.01	7	0.95	9.2	1.6
1	0.01	7	1	10	2.44948974278318
1	0.01	7	1.05	9.2	1.93907194296653
1	0.01	7	1.1	8.8	1.6
1	0.01	7	1.15	7.8	2.4
1	0.01	7	1.2	8.4	1.49666295470958
1	0.01	7	1.25	7.2	0.748331477354788
1	0.01	7	1.3	10	1.4142135623731
1	0.01	7	1.35	5.6	1.62480768092719
1	0.01	7	1.4	7.4	3.00665927567458
1	0.01	7	1.45	7.8	1.46969384566991
1	0.01	7	1.5	5.2	1.6
1	0.01	8	0.1	0.4	0.8
1	0.01	8	0.15	4.4	1.2
1	0.01	8	0.2	12.6	2.65329983228432
1	0.01	8	0.25	15	2
1	0.01	8	0.3	15	1.4142135623731
1	0.01	8	0.35	17.8	3.18747549010185
1	0.01	8	0.4	17.75	2.1650635094611
1	0.01	8	0.45	16.25	2.9474565306379
1	0.01	8	0.5	18.8	2.03960780543711
1	0.01	8	0.55	16	2.5298221281347
1	0.01	8	0.6	15.75	3.89711431702997
1	0.01	8	0.65	11.8	2.78567765543682
1	0.01	8	0.7	11.25	2.38484800354236
1	0.01	8	0.75	12.4	2.33238075793812
1	0.01	8	0.8	10.6	3.97994974842648
1	0.01	8	0.85	10.6	2.57681974534503
1	0.01	8	0.9	8.25	2.27760839478607
1	0.01	8	0.95	12.8	2.63818119165458
1	0.01	8	1	6.4	1.35646599662505
1	0.01	8	1.05	8.8	2.63818119165458
1	0.01	8	1.1	8.4	2.8
1	0.01	8	1.15	8.4	2.8
1	0.01	8	1.2	6.8	0.979795897113271
1	0.01	8	1.25	6	2.23606797749979
1	0.01	8	1.3	5.6	1.01980390271856
1	0.01	8	1.35	7.8	2.85657137141714
1	0.01	8	1.4	7.2	2.31516738055805
1	0.01	8	1.45	6.2	1.6
1	0.01	8	1.5	5.25	0.433012701892219
1	0.01	9	0.1	3.6	4.31740662898458
1	0.01	9	0.15	7.6	3.61109401705356
1	0.01	9	0.2	14.6	4.4988887516808
1	0.01	9	0.25	15.4	3.55527776692624
1	0.01	9	0.3	17.4	2.49799919935936
1	0.01	9	0.35	17.8	3.24961536185438
1	0.01	9	0.4	19.2	5.63560112144215
1	0.01	9	0.45	15.8	3.48711915483254
1	0.01	9	0.5	15.8	3.86781592116274
1	0.01	9	0.55	13.6	2.8
1	0.01	9	0.6	14	3.40587727318528
1	0.01	9	0.65	11.2	2.31516738055804
1	0.01	9	0.7	11.4	1.35646599662505
1	0.01	9	0.75	10.8	2.4
1	0.01	9	0.8	8.6	2.87054001888146
1	0.01	9	0.85	6.6	1.49666295470958
1	0.01	9	0.9	10.2	1.72046505340853
1	0.01	9	0.95	8.4	2.57681974534503
1	0.01	9	1	7.8	1.72046505340853
1	0.01	9	1.05	8.2	1.46969384566991
1	0.01	9	1.1	5.8	2.78567765543682
1	0.01	9	1.15	6.6	3.26190128606002
1	0.01	9	1.2	6.6	1.49666295470958
1	0.01	9	1.25	7.4	1.85472369909914
1	0.01	9	1.3	6.4	1.35646599662505
1	0.01	9	1.35	6.8	1.16619037896906
1	0.01	9	1.4	3.8	0.748331477354788
1	0.01	9	1.45	7	1.22474487139159
1	0.01	9	1.5	6	1.78885438199983
1	0.01	10	0.1	1	1.73205080756888
1	0.01	10	0.15	7.6	4.63033476111609
1	0.01	10	0.2	12.8	3.96988664825584
1	0.01	10	0.25	16.8	2.92574776766556
1	0.01	10	0.3	19	4.19523539268061
1	0.01	10	0.35	18.6	3.26190128606002
1	0.01	10	0.4	17.8	3.42928563989645
1	0.01	10	0.45	18.6	4.63033476111609
1	0.01	10	0.5	17.2	2.71293199325011
1	0.01	10	0.55	14.2	3.12409987036266
1	0.01	10	0.6	13	2.44948974278318
1	0.01	10	0.65	11	1.4142135623731
1	0.01	10	0.7	9.8	2.4
1	0.01	10	0.75	8.4	1.49666295470958
1	0.01	10	0.8	8.2	2.31516738055804
1	0.01	10	0.85	8.2	1.93907194296653
1	0.01	10	0.9	8	3.46410161513775
1	0.01	10	0.95	9.4	2.72763633939717
1	0.01	10	1	7.4	2.1540659228538
1	0.01	10	1.05	8.5	2.06155281280883
1	0.01	10	1.1	7.8	1.6
1	0.01	10	1.15	6.6	1.85472369909914
1	0.01	10	1.2	7.8	1.6
1	0.01	10	1.25	6.8	2.31516738055805
1	0.01	10	1.3	5.2	1.32664991614216
1	0.01	10	1.35	5.6	1.35646599662505
1	0.01	10	1.4	6.5	2.95803989154981
1	0.01	10	1.45	7	1.89736659610103
1	0.01	10	1.5	6.2	1.93907194296653
